mutation_rate,treatment_coverage,beta,cost_of_resistances_factor,cycling_period,auc
0.0104249037895178,0.8054048884527754,0.1628363057497775,0.7622896086628457,417,4370.189716197365
0.012658789136179,0.332374039579116,0.0175256429880462,1.0277896698567548,658,916.266555645545
0.0073407566466427,0.5492751427683142,0.2089571277474783,1.0641177184863084,545,2078.7448241620814
0.0086153542417743,0.4330776331566065,0.199665886016642,0.9384551056754706,683,1231.1711368600036
0.0120802786599268,0.8209653125805176,0.4422206645012718,1.2223074650551786,799,4252.545966487203
0.0141617277636084,0.402578112257444,0.0259158143341559,0.8261682571466882,980,1942.190665601965
0.0054471528579961,0.4405129638949635,0.1490092320476168,1.158032579402761,1643,1331.0818953397759
0.0165109195944086,0.6538260136978348,0.3037556050146112,1.0195221149362952,955,3835.960568282349
0.0033609895968075,0.4010227493148277,0.022208364963583,0.9842418731022916,1678,606.4315486539899
0.0050099505728821,0.8731782792352456,0.0278960830660651,1.1044018363019283,1387,5695.8044847191995
0.0187902786820155,0.5024630296712326,0.0101038148707054,1.2726920112088345,1453,4010.5974739864
0.0053246273302794,0.8690914778193695,0.0137391380637202,1.2053932293341918,1506,5942.317898329985
0.0027133150125522,0.8879305827695847,0.0883951747024242,0.9946886556408114,1492,4828.574767278835
0.018136463200947,0.5421851452357439,0.0541584990822615,0.9235563111237908,1534,3801.9832835762504
0.0033653398418348,0.884041938629097,0.0103684860972601,1.198941770692353,1735,37.03677589255
0.0040136195015253,0.4851859281312324,0.11975698327024,0.8597150053236302,1169,1051.240310873472
0.0086014813554309,0.2514979207993937,0.0455964209625841,0.8080050976766027,955,158.7148762749385
0.0023897883602399,0.4982901709772022,0.0734929755522725,1.1979992251770542,539,612.537069294026
0.011250408337334,0.3060902363766113,0.2715520411070835,1.2835604355031225,1332,592.547608837852
0.0089922749078768,0.7829732243886378,0.0160321287149859,0.9889679378247505,497,5086.157862609705
0.017796262708573,0.4323546033911294,0.0200192669611698,0.7532483995313648,1392,2873.070930659905
0.0049014984695074,0.5135910309680752,0.1560948461070211,1.253181687214077,1255,1846.1865057784617
0.0136878279626381,0.7286728154478499,0.0100635177093962,1.1269650527438964,1282,416.1782072933
0.0182385688997869,0.2677335551227626,0.0615916704996633,1.2677240390401456,1086,470.339514849795
0.0066089870128597,0.7199029671555124,0.1008391436712926,1.244368444941652,1607,4691.959761225098
0.0091461332607742,0.4933905449919525,0.1249588142063518,0.9944380457424098,605,1589.6488365301384
0.0161245519117982,0.8756519524165589,0.140646874249656,0.9328926715374252,960,5327.940867973935
0.002998358683212,0.7917790481648246,0.0279337380178831,1.04140022882139,1180,4555.473788688365
0.0185596562036526,0.2407894963829947,0.0237680912698901,0.7868902282582104,1158,278.854290036025
0.0072933131982191,0.3288312224867881,0.0230134820649912,0.93095060082223,887,506.4753306266749
0.0028497202751958,0.7263959300408958,0.2944378381422463,0.90257345264842,1407,3111.9775032720577
0.008363000588294,0.5726745988815538,0.029467588002696,0.7053795388581097,859,3365.7400815520396
0.0040336564009923,0.8131290428485032,0.5521054470389581,1.0811736464574526,1221,3188.607661037574
0.0088965849079761,0.7049625954438465,0.0780406080725891,1.1746803714513228,1306,4271.470126080194
0.0148301364786381,0.3680890187750089,0.0238462927761995,0.8235489863435392,1348,1639.038347228655
0.0060907682045792,0.6739183570555167,0.0263561746915547,1.2041838864524026,1763,4698.61417213809
0.0173831443515892,0.7014318856524802,0.0185292236160851,1.1275013634645097,1803,5850.69304144318
0.0027043004751848,0.4136994775696434,0.036852282917218,0.9407877783045052,669,466.50821416767997
0.016772171719007,0.534044978075838,0.0640836209344033,0.8323571720897764,1181,3500.6399323214246
0.0078816047517858,0.6895159227912586,0.0521436386228826,0.9795449787134268,1267,4190.723149078211
0.0083613453567266,0.3865581392204495,0.2454593568349497,1.009933869884306,1481,1064.9783662832049
0.0031983936442356,0.4767460977579421,0.0099125079095262,0.8289344585152386,1313,117.6795040587
0.0079994571604637,0.6449408175209852,0.019106579983264,0.8872597023702704,1055,4263.956480054345
0.0067138796873219,0.6316016602847327,0.2160340005170794,1.1466028883393402,1550,3336.7623699852074
0.0062715578341009,0.8242781038276201,0.0212291611817682,0.8937022447842957,1034,5538.79822511717
0.0024331818071545,0.5823977448474811,0.1514829032910968,0.8598183106534557,1043,1234.6558823741063
0.0096619992089674,0.441333831943819,0.0678935077867783,1.062664620379814,464,1316.045933294666
0.0074483367216056,0.8285121922615812,0.0823152731960865,1.2122187815982066,944,4768.536759313884
0.0023692027353581,0.3663092802884409,0.4597862462080842,1.0322633533471632,1011,128.19774691033405
0.0064306762539354,0.2375776193269571,0.4126705209171912,1.0335328566274842,1290,73.03828634720085
0.0062474847244225,0.3422668377727906,0.0276505523381038,0.8526356062511149,547,440.96815484980596
0.0037859164407077,0.8690573599394158,0.0105028659250781,1.2757254479083968,544,2.06373289765
0.0114569938203104,0.8941359439627254,0.0449091997821456,1.0334565127081687,1774,6018.9527198600645
0.0111164709446628,0.8343159194786334,0.0189868490632199,0.7759428403539853,1724,6073.716671406225
0.0029570925248286,0.4170752651334088,0.3858351885603162,0.9998441791651967,862,317.94823156260253
0.0087067465821587,0.4857710569736808,0.0106042789791541,0.8765386868104934,1548,3756.82498471755
0.0127912642943271,0.5114402824984947,0.0210420503129117,0.8519380759124585,1814,3711.7706871090018
0.0070895143940606,0.2108078950367292,0.0316051049674316,0.8931072086901504,505,65.3867855934455
0.0083407841057578,0.6761739395309162,0.0169798662084923,1.0389263932223776,1002,4349.63633639808
0.0140292107576668,0.3779487289477673,0.0322671462749919,0.9286925906093576,1600,1655.6819808516743
0.0158668170667344,0.6924460312517684,0.0146473680997454,0.752489230350506,1482,5574.21414906365
0.0174442065309754,0.8988290833688213,0.0179026443749364,1.1629876271913624,891,6133.421352322695
0.0190308614181989,0.8432824338827982,0.0378102063229449,0.977743097073284,1636,6070.4369846174095
0.0171628383597564,0.7598868512721775,0.0378745410502891,1.084981774269826,1685,5770.25010636668
0.0159898053501975,0.8911512911764743,0.226569416620213,0.8374501104568368,969,5199.454356048729
0.0092347410182451,0.3420890314532233,0.0284386967885052,0.9298758898054472,1824,804.72272568772
0.0156753307075707,0.2830555242391186,0.0304890654598974,1.124091588622831,1612,678.6529443805515
0.0135270323392062,0.3659169981285519,0.3409817075073246,0.7302232251116725,1682,1231.1801305943814
0.0051644282991444,0.8647529387961419,0.0519249810178713,1.2266434515886555,1067,5125.50323392493
0.0139353315013924,0.670445269677112,0.2109695179723361,1.2873380857232894,1126,4065.107015445948
0.0077725686773682,0.33180328853907,0.0266970630085528,0.7799154908169867,1768,696.0673208582281
0.0130744042399038,0.8203283205911811,0.2473803949404338,1.22822840951329,730,4624.022825752595
0.0134695807837845,0.3321890790327516,0.0305951108112802,0.8741140406830107,444,951.7565922902929
0.0139889922134403,0.5264622869408059,0.0921806216678608,1.212145875294119,1618,3208.7944506060935
0.0175165022163806,0.7205172121988965,0.043851184234462,1.0323475283545056,1405,5333.242403246925
0.0055805538205635,0.288477765743529,0.0417458405872307,1.2308595861228602,1476,114.80528653331301
0.0139050685512746,0.3726312563424684,0.0435444477634771,0.9553737989479608,1474,1580.3147939784392
0.019682615064699,0.815259979112497,0.2010641796616928,1.203351118899756,1158,5164.373439433426
0.0138612428865032,0.5764900667173447,0.0121940501671882,1.0962445186284873,1721,5087.98588585039
0.0077141343614741,0.8265872402206753,0.4936568863190675,0.8230034770678185,611,3764.407442522017
0.0032081723009494,0.7343783155002679,0.0217848659082271,0.974725764230154,828,3817.477556367215
0.0064394387209669,0.7696424152330363,0.0656369856386091,0.8136876631571,1478,4823.23587802417
0.0062500122656953,0.5516718237392064,0.0294755204671807,1.2114644034809974,1226,2757.69920642563
0.0045088920185286,0.4320856905205841,0.0489061978328106,1.126382134383438,955,580.61377348988
0.0143406302852751,0.8955237576665731,0.1724388753916154,1.16295468206102,634,5107.137321602938
0.014088527642101,0.6859817886700451,0.2419589672164932,1.163263417609185,1651,4441.910245742237
0.0028846010354074,0.5604053815286288,0.0151027404956785,0.9467966796999578,1189,2415.946097265995
0.0129113432317186,0.6684929495218895,0.025120501030297,1.0396850471191683,1547,5322.943804098215
0.0041511852306238,0.7172847998644216,0.0537861811882655,1.2157124867544271,959,3694.4321118196362
0.0168682253047032,0.7760337284670284,0.1837092675692265,0.7812590290335657,1227,4967.915665692757
0.0144626318274954,0.3713979462913865,0.1019880329124837,1.241175352594885,767,934.0632559799175
0.0030281800961168,0.2386212706963659,0.4215934876619457,1.0676438109139337,1426,46.7300781729117
0.0183879801078124,0.2350452677153808,0.1869835630098285,1.2168787569281942,841,340.84563818714565
0.0116100827920317,0.6247052068253756,0.0354197478213299,0.9360165143927812,482,3836.40708933188
0.0094764181196407,0.8410457171262908,0.015490953379553,0.8364300645488532,501,5350.317800824655
0.0163704102168049,0.5056428190409417,0.1670455998757838,0.7901427060986128,1272,3201.3554983424247
0.0103130397845934,0.4960273230728855,0.1805267553318238,1.1909228706564865,666,1766.5886340477691
0.0180050372735669,0.5161181903888155,0.0547685694292253,0.7677879050655796,1561,3623.233890774662
0.0113743430249259,0.7842183617150607,0.0990260033975783,1.131917335227251,1611,5220.7583474464445
0.0033154912370263,0.3717316235749014,0.0253713208553212,1.048264560966491,1475,328.38029219356497
0.01200527700641,0.3424647236042145,0.0374518117581052,1.2297687875666337,603,560.540867356993
0.0050167007788646,0.5008454020138735,0.05366555221309,1.2696174265877151,1441,1971.398479276274
0.0151835281123932,0.235103455143901,0.0298447972677021,1.0877423004220963,1152,230.150937872997
0.0194566923608376,0.2678407563387429,0.0103779888663348,0.954406967681516,1441,1306.735107177535
0.0183695145920395,0.4333961488295854,0.1055506155142934,1.1062360002359917,477,1879.9250627485876
0.0193998650543898,0.6243583972368427,0.0313902088364072,0.7649565679676746,1437,4966.045632260764
0.0087743167780138,0.2332802690748375,0.0099992094332805,0.940318695539176,601,30.600238395945
0.0122967217015787,0.3139158738971908,0.5541556996310777,1.1875136059035076,1117,599.381047502789
0.0133545401763596,0.6584675008311098,0.0863980535270586,1.0350081299188272,1148,4204.787067909566
0.0035052073044682,0.274735279904626,0.4026042237930551,1.2826086440048163,538,65.4091706960437
0.0019875801379792,0.3835506456173614,0.0190771587527777,0.7458921420347603,1044,114.782150330165
0.0186494803537392,0.2596492655934847,0.3882371845254117,0.7549767126111396,1052,480.95865971411513
0.0171241017068953,0.4677377139105401,0.0102703468339537,0.7195109885887316,1778,3793.550373149035
0.0059836339202235,0.8706262082671692,0.0404236546882729,0.9342161453544048,475,4956.079531112739
0.0188498171397452,0.480158635822182,0.2664309028909046,0.7384973658498736,911,2644.722736080146
0.0057136302971258,0.6384257763157679,0.027567108479433,0.7572364901763797,1601,4063.527130889559
0.0064467784723823,0.6626588445978167,0.0404989336178921,1.094781996188886,1048,3878.9711627065153
0.015965907819184,0.8185512304111564,0.2462654499245367,0.9841333795431326,586,4693.098306735359
0.0045246350397709,0.8648636973719377,0.4162256594577582,1.279011341668908,708,3826.003113314922
0.015554309910402,0.2633241371316047,0.1899487694601367,1.1182668806090943,437,343.6370999003695
0.0021382306279489,0.2372426633497713,0.0361030666825972,1.0322149950158297,1195,19.808046563803003
0.008457724029789,0.6087520833295476,0.1594378315168262,1.1196497174881983,1173,3152.8431039861543
0.0161682194944392,0.3188351050937048,0.0570897180661004,0.7435237723294834,480,724.5890350230079
0.0153028111689914,0.4534196570094493,0.0847689505923068,0.7718399571837383,579,1996.9936090160325
0.0138903292570492,0.5832188627010797,0.0228980749296255,1.1313659874085036,446,3856.3459463198847
0.015909794226667,0.7514002877348036,0.0638200347236855,0.7568034723408192,909,4952.668482880044
0.0140990944865984,0.4970794543792641,0.0222587458653219,0.8700150278267185,1574,3371.623211210915
0.0119104847011126,0.6262522530151746,0.5776112509615793,1.0368296226614897,1097,3127.9852109400344
0.00732130162864,0.5316554916841016,0.0949450047589767,0.7459655904406886,1461,2877.57282422479
0.0172733350656014,0.7482070087466117,0.335305432931245,1.099516407347957,1308,4528.3330378774035
0.0169473842089649,0.8851376433239424,0.0635484133555969,0.9768463464928532,1746,6069.5526195486955
0.0068838953787911,0.7886578239449276,0.029219644891794,0.9193258915563474,824,4709.43855173095
0.0091106694427874,0.3642439692528581,0.0281301657931394,1.0366628631295716,864,689.154504919029
0.0056750715901574,0.2084686529918595,0.0269669015769954,1.1666529586806904,454,29.465616147057002
0.0082563124509013,0.8214166336658508,0.0239711909918287,0.8326135095969036,1067,5566.288282615945
0.0080958029631004,0.3158073951812505,0.0511448921002965,1.2495896297812346,1145,263.273478400873
0.0063684911485356,0.7467298570519256,0.1014098644728865,0.8355285590320644,1046,4177.912010807872
0.0187317035518924,0.3292128081001071,0.3002067505008504,1.1350989802932867,596,965.1767963436473
0.0126156294309786,0.8534970659447056,0.2868953005869246,1.035136541063578,738,4651.875211161421
0.0080779697538367,0.6757629302337297,0.1749673481077786,1.2253665817296715,865,3664.4937775672806
0.0157677801614029,0.7873403977007254,0.0485893016272953,0.8764564411738541,1380,5678.323347050167
0.0174784437797714,0.3068286911925303,0.1192178121355821,1.153491009929643,659,707.1337088460609
0.0036393245352352,0.6670656510919283,0.0688237351568808,0.7861693521741069,1427,3229.355333396625
0.016881237339664,0.4177144644812319,0.0423232951180993,0.8145020414821926,1105,1932.9392930124154
0.0154758254063645,0.2210142137995903,0.0262218978878982,1.2873831748196505,458,178.8697644061115
0.0036261813080239,0.7362733012645903,0.0221230753870535,1.05921009800308,1250,4367.860442180985
0.0081543093980299,0.686441181017685,0.0687993275970167,0.7083816254236384,411,3665.8634854133816
0.014687187724607,0.3920276882392344,0.011068007381024,0.8350619700358408,1711,1802.9859205993
0.01080144058339,0.370883582504905,0.1839469687722832,1.2058481950087578,372,752.475451869205
0.0164246154485375,0.7687780252798815,0.0237827515174595,1.1521384530204533,1125,5733.791358195145
0.0097750030177614,0.5025477489588458,0.0152120410227165,1.081758460745346,1165,2813.04328048444
0.0126913373778425,0.3679796957564306,0.0288274516679111,0.730654631555472,1755,1278.4432265112148
0.0102048891728554,0.6089713338280458,0.3109049572381782,0.7841612372431436,1010,3114.867090295921
0.0192024544390286,0.7691135091500854,0.0150774704974579,0.7571162223980631,1323,6104.904867544095
0.0180227257619637,0.7335365173682444,0.4293662387998538,1.1283015387507556,572,4005.414001616923
0.0144297900949724,0.554563909474138,0.0113619082159346,0.9816286542995782,703,2438.39970131364
0.0198276944140568,0.5032988284084485,0.0204169617141395,1.0663147651352929,791,3168.777420019515
0.0074702839153053,0.2289248691464506,0.3971641818694464,0.7013774892633201,996,115.11533576458726
0.0114581494140537,0.7039685822902633,0.0254294746074891,0.9422096871725744,1692,5340.565497276815
0.0088998560690707,0.581861111114447,0.2726832466806761,0.7713931071777678,1163,2884.347839203373
0.0046107018018411,0.6285286712709086,0.0130956523264104,0.8434685437448052,946,3019.992202758075
0.0039982186226768,0.5433536038503568,0.0345746461067259,1.0163136993395232,1028,2111.2563731127357
0.0083975832392871,0.5669451929984239,0.0544389095259452,0.7056810290441563,639,2546.212744729298
0.0143970953949048,0.8832011310241483,0.0386951858579535,1.292542141867665,368,5517.48410669182
0.0184874772648286,0.8929310241245727,0.0631042354101297,0.957331490943708,1590,6108.04670322956
0.0064639689174301,0.8833101467145781,0.2125943751942141,0.8073504128732114,1395,4902.435766156268
0.0062428713542564,0.7850040185617566,0.1951672302546072,0.8397644006749371,830,4085.970755044013
0.002431441661941,0.7070768139158847,0.0547066989263009,1.0081679800572414,853,3595.923469133817
0.0072781008939563,0.4995574879076667,0.5641969250208043,1.1578453620134446,1356,1625.6747269054401
0.0149313794166911,0.2885605602616693,0.0535379662068095,1.1185027106561978,676,518.4874107572131
0.0053837457596868,0.2722258418827222,0.0629674189191892,0.9140042521219384,623,64.28678736894351
0.0150398246144313,0.8974366981685524,0.0447069897645344,0.8778090587435763,1109,5948.258249797265
0.0076311696420074,0.3255945792054516,0.0132459401780948,1.0410604025547587,1691,213.31502290744498
0.0197771485295039,0.8192693208902446,0.0334309275815381,0.811392374374707,1630,6071.88525091503
0.0132447693006466,0.2638311938838479,0.0175976236739576,0.8233980979366665,1824,372.446979917325
0.0031182413221663,0.4703416327562336,0.0314706456752382,0.9029300864985929,380,580.737239663256
0.0069465802456516,0.7733414299496375,0.0176114462352476,1.1133960755905583,1214,5085.570391129195
0.0194376462156958,0.5584235899818313,0.0190461905207083,0.8670712434119705,852,4112.804640048825
0.0046320330963775,0.794763489225693,0.4016066985254987,1.1250165890726778,701,3476.421063236048
0.017069691051462,0.5306137411804333,0.0393303907459462,0.9902846397943372,1200,3576.1522530290677
0.0047803335623013,0.8324487648994645,0.0106857544926197,0.9844912118618436,1702,0.8535478642000001
0.0072683871589732,0.7745644274495285,0.0382549246916056,1.2861930424654953,888,4678.83514258519
0.0037732073336571,0.6988957948328526,0.2935981516566407,1.1090619236984935,753,2754.6675933644224
0.0187966948785005,0.4389923317273166,0.0117970065584848,1.08410330974331,884,2886.113531590815
0.0145495104369964,0.3170520698533452,0.0665971862039914,0.8366965091067091,1638,801.83818532156
0.0104586059783571,0.5287939537473778,0.223728190474032,1.164048678832201,1651,2728.0428088539097
0.0078927532486305,0.3765052378592248,0.1042173971869139,1.169302933501019,1162,615.965935604615
0.0135406883880773,0.2903298157080053,0.0877169178327637,0.8972875543716934,1372,595.8698192817164
0.0042597176279452,0.7939641650756,0.1086020479453546,0.92324999306223,710,3903.0689826803264
0.0185051892084364,0.4911685403773497,0.1009438048923539,1.2660350808396317,628,2715.6862449230175
0.0103398279879982,0.5571597402596398,0.0324552783389677,0.9780340233933964,616,3235.6184918905506
0.0094304439814285,0.7221322645398669,0.0233877277297709,0.9490351809662988,1300,5170.005597487834
0.0144468801931774,0.7628197542757844,0.1776479404250889,0.8826609090382421,1673,5136.507378453187
0.0081648118260779,0.3380480401161101,0.0258286172401746,0.8597477378784596,588,357.972490707093
0.0117412168459665,0.4172572446339789,0.1536890477825127,0.9824944902557762,1590,1675.9216898435684
0.0147583022127612,0.3429986898002153,0.0337330377448587,0.786651414792447,1463,1283.3699987666525
0.0090464664221036,0.466164293866607,0.0359715731195987,0.8296752637290374,1175,1866.044866098003
0.0025765989190392,0.2045222022097676,0.0157187923638134,0.7374144654424819,1107,7.32423560907
0.0080272285983231,0.8136574523331124,0.0280322229241509,0.8479895899694851,1158,5633.077252761705
0.0032748367788805,0.6724323005692947,0.0524280070737957,1.0408538853023457,1469,3463.02028732044
0.0168654085126573,0.3480266617770551,0.0109631181643762,0.9027826784410468,1004,1439.76508518791
0.0178809380386068,0.6173311273351326,0.0320969686966328,1.1635282737870116,856,4408.24679352563
0.0152961277535025,0.5100586172766814,0.1805634990869938,1.0940941633760617,1245,3038.3404894550154
0.0020560542204922,0.3964624005557619,0.0104949092054303,0.8215179496234806,1103,423.21585406675
0.0060038444627305,0.6589627624632864,0.0127287998866255,1.0805547082082003,1318,3945.6105403099946
0.0106972886767322,0.3184545904851452,0.0949857054661342,1.078501304936455,1054,576.1319431083446
0.0100028057704919,0.5061741883064561,0.0173762001530561,1.1093135957821254,1330,2722.09320810722
0.0165610147369216,0.8619022893426946,0.1611255124399735,1.0628608564772404,938,5294.899594441956
0.0119448515735954,0.4631161091331335,0.0120635937137631,1.1442542101516298,1654,2753.6606040901997
0.0105004464270474,0.3009547361728002,0.4599803789541063,0.7837434474918901,1594,801.5141144493904
0.0060145814619315,0.6368869115325513,0.0261346957713265,1.1091057627860603,1058,3737.8684627960597
0.0120521385404971,0.7029390487633114,0.0126383413849871,1.1389019538765754,873,5040.9838034943
0.0173954377594942,0.6810420969867595,0.0218260248859954,0.8347580825996087,971,5047.933735895185
0.0146504911957813,0.7471657700166507,0.0693371653230744,0.8938864377259045,1411,5133.848709297596
0.0196989504216112,0.2912793043678614,0.3678840109761647,0.9197209022268956,1820,1001.6619085818751
0.009898610603235,0.4838651328194023,0.0224054091038981,0.8773336639931557,1631,2514.186102916235
0.0121072813954756,0.2609974877601849,0.011107858595452,1.2374787324409362,663,171.189738412435
0.0166181749988129,0.7412625647235103,0.103235601914598,1.0593703116523192,1191,4900.299937451289
0.0149035083561117,0.2152586232613968,0.1492266991109291,1.172012157231269,861,184.8453198001645
0.0093306923141881,0.4966792875249797,0.0205247298838758,0.8782674682491364,1680,3032.6581053365503
0.0097201141206776,0.5258177277962962,0.0822831313607031,0.778666594634847,385,2267.3220134744474
0.0105995605409545,0.4967459796307732,0.0315805277580248,0.8942059115101576,799,2681.5211553025965
0.0156199940238449,0.6053942868531913,0.2811276679520899,0.9640013855301572,833,3399.2616875997383
0.0125555109232502,0.5885594053674008,0.0633800169267029,0.7558966821291763,1507,3889.788392961746
0.0086073979700621,0.2109381442692439,0.1003854333406375,1.2164590351502542,880,89.521168459794
0.0040295319402784,0.4388278540025855,0.0557513537370239,0.8705763723157264,1160,762.5013312764304
0.0187267019437462,0.6914805430852864,0.0347357396581796,0.7638718661938307,1000,5021.940389664215
0.0106692893574693,0.5642068337036467,0.3868545128990306,1.26887798820678,1821,2887.690213691597
0.0056596358040283,0.5611875258427004,0.4339230005590732,0.8257229625554101,1180,1976.223584629568
0.0054248515187836,0.522155450061768,0.0153989025950795,0.7505051959307366,387,2152.454418757015
0.0027271515441216,0.5634641329704024,0.4361961523710471,1.1004029399997055,622,964.9947291328525
0.0197907483128392,0.4142585044439308,0.0261781131800189,1.12323856066141,1591,2414.2087026471804
0.0146296236185591,0.536047379166594,0.0149992002160803,1.0763071251875456,948,3822.0962527901556
0.0125230428462095,0.8530621049879417,0.0127412393155624,0.8558165718328578,1478,5906.9509233155495
0.0066704211479073,0.4328293474691105,0.0419041910872937,1.2609041228423172,608,868.8619051980246
0.0046686289811698,0.6109422512981193,0.0119248385569278,0.7534990121835055,1808,2534.1383890359193
0.0091146548291168,0.6677186090155858,0.2294040047014587,0.7762446556561929,1132,3657.9799578914754
0.0071307869043295,0.8595501696036127,0.0098267089679236,0.970169097801501,806,0.3242215125
0.0103611058636941,0.6716168514442611,0.096976941697558,1.2897293577275284,1438,4332.760381380371
0.0170349541013849,0.5262561167047066,0.0785675860025773,0.8084848421303658,1182,3374.617467801798
0.0126847541795454,0.828674653337149,0.0149313467837711,1.0477012367030611,1639,6203.0159224371
0.0162972637207398,0.643738137898408,0.0546455903264999,1.2222802920827465,1715,4802.38979030268
0.0197951140899134,0.7145671433488379,0.0858166940254138,0.820735063145245,1391,5124.501464714548
0.0064722113369466,0.6005822370370402,0.3846933050972117,1.049417325802959,1344,2650.9754661553634
0.0077090994140554,0.8868121983802484,0.1004938080233758,0.7352520397952125,818,4961.625993411187
0.0127212634345987,0.8391948899197521,0.046773310657557,1.2241048994713517,830,5414.246365030795
0.0174090314527569,0.2453091600669849,0.0624383484393394,0.723163530930958,1035,227.00836347201152
0.0045520530049979,0.6057302711930639,0.5791917944844625,1.1266585339684403,912,1957.9864307639532
0.013434227303894,0.6176611375083394,0.0206310762308687,1.1741471347791188,934,4205.12243950735
0.0033593132815985,0.6146020253276981,0.0185551752745295,0.9206504966751304,919,1826.7376958137752
0.0124338915274895,0.7352203357801006,0.0180385111605429,0.8789136844394321,1571,5510.188018590205
0.0121552762008014,0.3427923607840979,0.0645662042933726,0.7519998951718001,874,888.3050287852825
0.0147238310967689,0.6997611406990207,0.5068135141382478,1.2745164478825104,510,3508.524301565166
0.0041232160645921,0.6560766097793111,0.0742198787346495,1.100465827440276,421,2931.0658098761105
0.0062793690479405,0.264569782428832,0.0449580393052306,1.1222052382084036,1431,59.031169731568
0.0083456145699318,0.6890894771383583,0.3249894641927547,0.9971812725937426,1303,3791.6052084047496
0.0050616342383259,0.3310830575872433,0.0289583153746091,0.8389462714569234,1726,420.117336685585
0.0113463551182837,0.8949483318634963,0.5646266983950854,1.2051076893758437,1604,4752.116711193393
0.0028047650038228,0.6634154366915037,0.0147028324365737,0.9129857332857996,964,3979.4034823376546
0.0139020779246824,0.2003069850782801,0.218512276308577,1.175382954031225,1443,155.75985823036098
0.0031467148198538,0.5478231996159024,0.04364228176919,0.7444325518162134,633,1237.7830148376659
0.0134160606586665,0.6455999667011132,0.020399940491424,1.161158843117086,1101,4585.835312638985
0.0052821178167635,0.4412056362114661,0.0161764925743391,1.0191714309473294,655,694.639388022825
0.0028919457430082,0.5260715579573013,0.1916552293523205,1.0072609946532904,649,1204.660155053329
0.0138926328226032,0.4087447964941346,0.083939261543906,1.1201924374062495,559,1250.6766336658025
0.0108714211455354,0.7675317060797238,0.5768765934190376,0.7920889662510038,1296,3959.3613598181028
0.0097101932148038,0.2614001271297092,0.1719071202239094,1.05254066423522,590,157.06231808455198
0.0174761477394806,0.5731747803301666,0.0133383010056673,0.787027517926979,996,4396.680655852885
0.0182838044043133,0.3654362286198505,0.0684363849510764,1.2730449940308346,502,1158.1427663098032
0.014416945227267,0.7358732609826464,0.0126975907405174,1.172996663130042,1013,5265.9468827856
0.0098283560189676,0.4870367209592939,0.1212318881171657,1.0562856367531932,1814,2546.5990834861686
0.0088416127125996,0.4997101682219396,0.2226790804041317,1.0918949503226685,762,2007.0442111728942
0.0194029183061311,0.8402854125521177,0.071238216063542,1.0365210567650969,1024,5494.42929332898
0.0084904490182546,0.2878388327370616,0.2564850014355978,1.1854935351838691,1818,452.3489273294166
0.0023877570656319,0.205363462438132,0.1683893418739213,0.900157889900868,1097,8.2707101837015
0.0169734643330395,0.5711395529928686,0.3664400464632545,1.0087887234999404,1521,3279.7386181087277
0.0162943323408246,0.8396459182050338,0.0421609187187671,0.858464106561684,1255,5886.557738411855
0.01013134845816,0.7042449851437786,0.5831594648070649,1.05195172758893,592,3299.927744299312
0.0144634112973034,0.5468064179699619,0.1745171527533894,0.7896072315589733,416,2831.369062294345
0.0133197841202772,0.3748519316826427,0.0119067197907277,1.0490992046415044,1728,1522.7521413299803
0.010896887942103,0.4640861673015348,0.0304169976879512,0.9417019692387858,766,2415.61024971492
0.0155854757642922,0.2548146580058506,0.0127862331937139,0.8582090388752688,616,420.40131401287
0.0020097098180598,0.6005136273813991,0.0102298520830515,0.7259548618530073,1106,14.7245190388
0.0137294067690873,0.4821070876679491,0.1066228575306423,0.8624406636342085,818,2463.1051778802807
0.0077338007048768,0.4685226892977697,0.0856524164028281,1.0125066428360658,845,1740.8421263931527
0.0071936804359929,0.3371859573558496,0.4561497561303566,0.9806148764528484,1484,517.4709103448022
0.005452038465717,0.687973598229075,0.2938616364024747,1.0746156027448028,695,2847.9909488051258
0.0131095175999817,0.5959564380123732,0.3184638702160471,1.1304368940159235,1120,3235.968172535986
0.0198120524964093,0.5471709434016071,0.4223569988356671,0.8588027246071219,994,3106.9834729800846
0.0035756962614989,0.8528171357395262,0.0218573239481927,0.7245642486633563,910,4653.122397198945
0.0023497382603509,0.8713558292432357,0.0165397889546478,0.9904461355312792,423,3872.0113247368945
0.0115076681298918,0.3901462505596506,0.2416907369493457,1.265038516222773,873,1051.4281748890455
0.0080605201087821,0.5615795159686878,0.0103307018373089,1.1851276154694124,910,3596.1129972234503
0.0124604929945782,0.5057575215074891,0.0407821109829415,1.1241738183946135,1225,3039.6814411151836
0.0075463573833418,0.6236209479239248,0.5207517086876398,0.8176711745565947,550,2372.891072837307
0.012896561269141,0.3273651435223769,0.063470732544442,1.2909831207410931,494,455.48002215190553
0.0142242932286689,0.4047935643606309,0.0104222526978456,1.0212750378029498,726,867.90347975965
0.0189901519431482,0.6591302846603981,0.0321338750752197,0.7591907867854572,1504,5255.307286398445
0.0131541964546262,0.6071732593086708,0.3376235892531703,1.0908740779518231,1309,3293.917131104634
0.0088618140989092,0.6177954456413761,0.1425919840339536,0.8878246662904599,1738,3737.993513014071
0.0063223223060552,0.4209645441487353,0.0456349878703287,0.7033130488680687,1209,941.3917004347265
0.0176689732316773,0.3997509663096286,0.4756189394191704,1.263526731027231,388,1188.609201512108
0.0124032619909026,0.8560600012755375,0.0561784606342491,1.0056120455471758,1803,5812.344007138356
0.0020723629888245,0.4221803937007557,0.0135911526277072,1.2606883089972594,885,130.30651774793
0.0113948093336384,0.7649651903751642,0.1957991199273073,1.0115412246007058,1640,4846.333470523159
0.0036663880452192,0.5957623993306533,0.0840902626971239,1.2595865132512387,811,1966.4027872125334
0.0173050752219886,0.5113213448848478,0.35751223928859,1.2628123550913837,1140,2819.41192134109
0.0065391661949955,0.6300248455928509,0.048285837137212,1.1716367915614243,728,3129.727687934236
0.0095533149530862,0.3431501173293839,0.0600240980885088,1.2223988295505586,1076,578.136081716072
0.0053099087275478,0.4156695470088086,0.1774635348051418,1.2541588889393125,1334,831.453390271167
0.0195177612222532,0.7985491474438824,0.2046298276366966,0.8520532662263849,677,4897.273175321103
0.0084090511327972,0.5930071552124603,0.0342346931918019,0.7886578677149657,1596,4025.2792841375053
0.0157360016329999,0.3373970756261579,0.0179300220512809,0.8104856950926944,1434,948.25965507308
0.0070934738580845,0.2282314164116006,0.0744814230572138,0.8057234125833712,1762,105.5310561034555
0.0195481730549004,0.8722528654824124,0.0104641739355485,1.2251399501263849,1593,854.913707218
0.0130378695601052,0.6899922818998265,0.1021396319854759,1.069926233666549,1120,4466.027433925084
0.010337545491232,0.7824304445280323,0.0142125678172902,1.1518635481107098,1091,5859.10707766646
0.0099017572515173,0.7753252184274397,0.0763994798603447,0.8250399639450212,1714,5406.2249778905225
0.006424895090328,0.3961186158261019,0.309431394500803,1.263916834173639,1637,1033.180184299035
0.0134614267523254,0.3911870933531233,0.5272391219334112,1.194660414606029,391,954.4071048050738
0.0071035853286659,0.6790333645431894,0.1094890109885027,0.7192373416986613,517,3577.763250168002
0.0093823678823676,0.7288118897505671,0.3784025013645277,1.10011575502951,1057,3746.3294325318307
0.0173384411441982,0.8651834104632781,0.4374383974444332,1.008687111722677,1669,5149.491746700994
0.0031799120723126,0.8442547365338258,0.1689747071618532,0.9529641604919452,863,4006.9258809940266
0.0101332185189692,0.4447164610681024,0.0598314228630677,0.7223226465907637,1285,1946.951337867916
0.0064594119923853,0.2799662119234342,0.012297406180124,1.1281911473362936,1763,92.46350800008
0.0123904364516361,0.8885522112755275,0.036697095295928,1.2949492447698707,1752,6081.38356045598
0.0097656626478674,0.4748686064148925,0.3071226024577672,1.045337510240217,1603,1868.49050189738
0.0093450585360404,0.5502561391373306,0.0405491547342673,1.2690127984757122,439,2609.6708026275332
0.0188306310841133,0.7099739786085844,0.0190604937678492,0.921566510159986,1023,5373.31566276536
0.0024413953773088,0.7645003795388912,0.2684672014665805,1.0711841911510829,1287,3342.062430297319
0.014749788586824,0.5605701911217897,0.0390374003963325,0.8692435020341056,1487,3888.168592539905
0.0072290206179812,0.8769951885770015,0.036129046481042,1.25991549275644,545,5270.07800417596
0.0052082448929826,0.2951522684083155,0.0360815025737737,0.8970743758139854,1558,186.552450847437
0.0135694824477335,0.2406526193997397,0.0434857701593567,1.2180492457236105,864,233.1560975689895
0.011786339455101,0.4211745791652925,0.2117683240734284,0.8876913907119758,502,1376.0009389729569
0.0143926271179029,0.881860081425003,0.0118076848920301,1.0346588100193692,1699,2464.4051296449998
0.01414825382844,0.2725679576590132,0.0390554831515651,0.9181395557829714,1066,314.431060648985
0.00725357172109,0.693030489848252,0.2043295455037245,0.7159282337562738,1031,3770.0878681353565
0.0049501123988077,0.440743814266308,0.2385456546408032,1.2233177876856955,807,785.829172136348
0.0087811918605256,0.7575088167575927,0.5919200268425003,1.2986479954620864,403,3275.037455825266
0.0156028746512016,0.243369702085058,0.0140931836154528,0.8037490300162203,374,192.75069756378997
0.0067303744120304,0.4530672473535537,0.3508507899667049,1.180121692259399,963,1200.9343911201815
0.0096522574832642,0.3940893169920395,0.019114423015833,1.2017193277484672,1057,1327.4350196307798
0.0028935932336699,0.7599727650442232,0.0821716432214029,0.7662887301382704,1278,3885.2857632232262
0.010266878990908,0.7977352560887925,0.1084880441888924,0.8642849222851718,1093,4876.025799985546
0.0105054643747061,0.5732782749401377,0.3104319576177541,0.9598359904288511,1239,2992.6979176630825
0.0106167169319681,0.3403942269693837,0.4835976942861827,1.2793703134934669,695,465.3165451408355
0.0025155200432035,0.2994705147104491,0.0138141218459137,1.282437583364294,1231,39.510907397345
0.0109881846133981,0.5269698181916568,0.0100613954128018,1.003545206985668,414,595.6561572226001
0.0148713190804275,0.7787809661833955,0.5622869474794381,0.931700176691272,644,3998.1108495109424
0.0126485819651703,0.8826051010529845,0.4822158838272821,1.120483940556649,514,4414.448749730151
0.0031899494916352,0.4804960190736174,0.039083587921752,0.7240548823533139,898,1165.7913872464223
0.0084864360348748,0.5402173975162361,0.0472508475712919,0.9630868345970915,1293,2972.896406837186
0.0040384310667563,0.4781540707089781,0.0488076831725908,1.281510409933857,1200,1062.694279303621
0.0026422277989064,0.7237181112790672,0.073189011427182,1.0248483627841694,1369,3258.2419351947533
0.0146757345608524,0.5004881559493766,0.022241443858389,1.201359510286188,1356,3422.0597553215202
0.0109777207353614,0.4220645718159705,0.0183103321188423,1.253802608283745,1761,1682.038481865895
0.0180149787526191,0.3161133178504826,0.6025196723477989,1.0140802717395154,1319,895.941485420007
0.0045551842721199,0.5224107088191924,0.0424983713900337,1.1702596292400274,1220,1594.0088942938248
0.0177802561920814,0.3034912983147196,0.1376007103835589,0.7461976890134815,1653,1050.9423098032255
0.0088034301487563,0.2814180347544814,0.0754638802919585,1.1207163156109876,1057,224.1828777734205
0.0164799505459352,0.5564106493590473,0.1620804909123093,1.086360656297456,1373,3478.7576619867104
0.0076056696383265,0.3609122609278068,0.0355903845588275,0.905475482329356,1618,710.1139454809438
0.0094411693424239,0.7134306319390216,0.0282726300382072,1.1191231773595771,686,4403.120969800445
0.0163537274814697,0.3036047104493325,0.3944707763602942,0.9303778374802104,492,541.0250586649489
0.0051187479586632,0.8972981453103288,0.2218360262624271,1.09461817274623,1503,4847.740094449012
0.0043415604087776,0.2411982120630455,0.1022675663131004,1.2077070651463078,1458,47.80277858033801
0.0196723054702641,0.4565933040356664,0.3361131189315527,1.1756093640628065,1027,2302.078913597747
0.0066874217131266,0.6322321688013217,0.061200734123676,0.9507532662998676,791,3174.3315926387504
0.009363947868025,0.4217431476427528,0.0807262136240597,1.2508151389124833,447,876.6684973226274
0.0028872417534661,0.308253170475245,0.0413767942362388,0.8388945946160284,1361,55.95138727159949
0.0024144266709908,0.2318161856963018,0.1785473956524643,1.1872280887541151,961,8.50932597130365
0.0020930119520507,0.4572008844801141,0.0148580916913121,0.7731869121642325,1359,350.738579837585
0.0185394762182702,0.348891831866485,0.0746529091922369,1.1347736961238712,1196,1214.8478553297566
0.0120824425097842,0.772809678306865,0.0125536774633789,0.8174929729987177,1809,6085.18986470155
0.0077577383516654,0.2323290064339073,0.0115269329938851,1.030137903831478,474,63.327876188175004
0.016562365227108,0.7957310192975904,0.0453154413255234,1.2647323447669994,1113,5501.13493324409
0.0138600779682701,0.2941137757993142,0.0466658765703594,0.763262482101726,961,485.9681832627114
0.0175926436126089,0.6891366615228877,0.267852693365984,0.7213307678261428,428,3917.23653715026
0.0156226359359121,0.3166266864145002,0.0363843426740062,0.7415934017377017,656,765.893487982755
0.0142294062029849,0.5866883878050786,0.0231716313182181,0.7873872408548358,944,4306.527348566044
0.00787028646794,0.5217637585284731,0.0544896845604941,1.0336226440832137,1107,2371.8075109628094
0.0127003021508344,0.2693480200037781,0.0118799089639125,0.9325377237269796,587,140.170701901905
0.018328300731452,0.4895944911762842,0.02829881039509,0.7395443825904158,1241,3460.4378395390195
0.0029285687085248,0.5722845911650616,0.0249511858443021,0.8749257176760593,437,1368.18860175354
0.003701321931818,0.5319371330366065,0.1762754440129755,1.2328773899133547,875,1399.768719042253
0.0082666797116464,0.5574595840459661,0.5107473662624057,1.0630088405429186,557,1883.7336199095796
0.0105783185072481,0.4297709394283104,0.0609969835730375,0.7028791395983136,1466,1639.0654234064864
0.0048013354148842,0.8760900603055135,0.1239496217635221,0.799345451231851,926,4538.9145173599445
0.012536194894476,0.4358887683500311,0.0162093814880442,1.0759859092754882,1576,2665.590610568735
0.0195660989971105,0.8440680766732092,0.041367372813212,1.2887779219732096,529,5472.134485139321
0.0037671090384571,0.3378235519798253,0.0657927099662191,0.8293223047014767,1211,197.611835295855
0.0168325139377576,0.4127285548111146,0.4179733314989616,1.1889710274250078,657,1535.0273603573285
0.0151867862038952,0.4363679489764582,0.0757472054051887,0.774584980125658,617,2053.037173074962
0.0069518015697682,0.6571003125027447,0.0193254303745061,0.8580446684349815,546,3873.450197152285
0.0170447614582817,0.5226467187782712,0.4186904597903178,0.9439817649209176,1457,3041.6673206129735
0.0122427398270477,0.7023798948970776,0.4887776604226813,1.0282560733100898,414,3372.3465358711355
0.017503124373412,0.5339670737513679,0.0273991259106946,0.8295645959245304,984,3801.73960210987
0.0044031832738059,0.283374285484949,0.0648771418371922,0.9016677138100953,1022,64.032442385864
0.0173435908050824,0.4684073139733586,0.0191916650882472,0.7873350917684206,1185,3028.741011804055
0.0092093270517768,0.2963604321959161,0.0335004058466355,0.8742148542390656,1013,281.52756394410255
0.0045155671602323,0.4884955577156222,0.1199941662511408,1.2769196680672286,1047,1306.770186645688
0.0160461035710135,0.5187372362930112,0.0609743386141308,0.9436671930161944,1391,3469.439905358692
0.003066725283957,0.7008774474680535,0.0194971898506678,1.1223034813999484,504,3976.437936402845
0.0068362986376358,0.7026310836345808,0.096506368055315,1.0984002535565631,1394,4033.0116174334535
0.0108694539190269,0.6872456589986591,0.0260404550147659,0.9774927593567836,1208,4748.22294591999
0.012571989860771,0.5394452359443354,0.1753728449240486,0.907250848392529,425,2641.2768365165766
0.0024301963827057,0.2886998516056097,0.0241952467103229,0.8795935898432845,1075,35.079419563304995
0.0054913288078516,0.6159896093801462,0.0240428966210039,0.7719323837252214,504,3250.0811168484697
0.0066420468000859,0.3124341850656124,0.0178935143495671,0.8592497611590044,1100,247.34587946685502
0.0121457946794208,0.2111499280306915,0.4432256630674337,0.7517337296793482,724,186.03432203293028
0.0104635452885248,0.6086933149136039,0.2443874721269084,0.7041448158643173,416,3193.437605975374
0.0104322421773967,0.5415281095864759,0.0228639187406134,1.2532421928544295,1167,3139.7028453720754
0.00646176463777,0.3761612495121699,0.0504674567336028,0.703059279901069,802,501.96445887916053
0.0125397227431928,0.4660533964848641,0.2893138611933747,0.9478063333271146,719,1809.4856717759044
0.0020901071498009,0.3503195871511453,0.0202240278008475,1.214925997179046,995,216.84097205250004
0.0095732892260693,0.7902118165885939,0.3574094320216597,1.2439610290135383,1728,4505.244540847189
0.0078740424411651,0.3433006342481999,0.0199977203293679,0.7742266369287694,943,598.079516121485
0.013864185224558,0.8629607629527061,0.0512680327272773,1.0819345042006836,1630,5930.664930445928
0.0125573277780134,0.4863613823286417,0.14429106190611,0.7763544353166187,1290,2619.1967090558223
0.0038921129702244,0.3344759686798507,0.0251513009747632,0.8887459649009912,998,219.34084283544502
0.0131013296517216,0.5836549939543538,0.3176426644729811,0.9270861623735632,1799,3540.7558026845177
0.0089475469810977,0.7676929288649306,0.0460259710929451,0.954064629748181,518,4499.0843778196795
0.0026794470149734,0.2691042291239062,0.0766632362600017,1.2143035694213562,369,27.200445286169504
0.0182765018197713,0.6317940865420973,0.0097116516922081,0.9219027308437776,1301,1650.7960770805
0.0188601309940122,0.2128560039623639,0.0479918166724573,1.1032355654600694,1308,234.66063436531053
0.0108301314504182,0.6183085926455927,0.1314180180337854,0.7442243070190052,1225,3720.6011597113097
0.0024868838411349,0.5649494648961246,0.0364932996684809,0.8594258490529425,1501,2183.7159377407797
0.0034185784362645,0.6340511520489596,0.038951105997143,0.7224075310361405,947,3484.6189696294446
0.0061256682791962,0.225386605551556,0.0717668986055023,0.7505660977918134,1019,65.935087958057
0.0110034185101993,0.4817603957480293,0.2949559270557347,0.8705025001307116,760,1963.546164392511
0.0161297801513688,0.4481596669966373,0.0150505430791342,1.0440769781025196,987,2380.701405563605
0.0183753024344947,0.8058749548467248,0.0726393612035993,1.2256489125877823,1799,5785.81078624561
0.0137577722689881,0.4277761200624534,0.11498167654876,0.9546391393413534,677,1436.3050533951393
0.0091118150889725,0.2475625518720661,0.338155356795411,0.8372303638677216,1039,153.5731544282266
0.0116281505756676,0.2139325563109296,0.013388549314682,1.23955145020008,1800,183.74175462033
0.0105399702488754,0.5153740537053139,0.4332830194704395,0.7836984223006442,1345,2189.30397003236
0.0188377186005881,0.4115922212555843,0.0918595277269749,0.8932927137795846,417,1760.6746273681533
0.0064499524279002,0.2328529268455377,0.3277602999847248,0.8082595851555491,601,75.15944279219414
0.00225292126685,0.3115367004092038,0.0117533416827568,0.9411645650826468,1396,50.423158519295
0.0139373216253162,0.7300903105926109,0.1229257755051476,0.9691609125999916,460,4260.258666663054
0.0156589060224443,0.5982459734890884,0.0346289954774451,1.0022494621945786,694,3867.9484797835776
0.0062999786838364,0.7860289150112887,0.0125127058684787,1.1541923942264467,868,4905.3098440541
0.0031807733585226,0.6512059677521904,0.0516834122459628,0.7641976274979646,722,2900.117990761727
0.010617675539086,0.4853329055620458,0.0440585197306836,0.7789334111178571,948,2346.783655283509
0.0072376950870305,0.742565562076992,0.0283812029236616,1.2238518909751326,570,4556.74369165939
0.0066088572778362,0.8689361223338337,0.2007283537101813,1.1173802180958252,1615,5155.086731754576
0.0136867850482091,0.6421843808019465,0.3878358379641239,0.7963365982620725,468,3231.7917434641586
0.012405250810717,0.4512247682897995,0.0179283786663084,0.7891086762759559,463,1961.7599220632053
0.0040453048497402,0.5223341950713974,0.3039331844348542,1.04265348647625,1287,1561.1797187580285
0.0192410056403154,0.2769848674327246,0.0790734623928395,0.7011465048507612,1812,890.3391309766519
0.0079688604220348,0.5053589608491007,0.2638777847788418,0.8884313108041776,1725,2159.109429268648
0.0115589021093249,0.8750613126251807,0.0587715570773673,0.7296070258148697,1267,5825.81462465096
0.0126209389217596,0.3138060517404176,0.3325623779515981,1.0239011656905956,464,518.7709283160683
0.0189819487659747,0.6327623162120137,0.1148342679525726,0.9663161098266344,931,4149.107707764236
0.0171581865280857,0.8867112378769291,0.4885459149116073,1.1081371910032298,507,4566.335867009811
0.0125760936275875,0.8982085380596532,0.0101353749242732,0.8155567782310136,1398,23.941807001500003
0.0116639789055062,0.552407100138551,0.0654857361205235,1.0447679085288617,1246,3129.904588646221
0.0191395202976306,0.8496742951865528,0.0365817323419861,0.7591412120943016,910,5761.96743790736
0.0168789413251607,0.3654878944176247,0.0215965686438288,1.0656305430851587,1082,1355.0566455625049
0.0039038033324317,0.5014752558215135,0.3771900379417788,0.8546810622162038,623,796.5853490227972
0.0170209039384867,0.283887654539086,0.0577235162157343,0.7069669552815384,422,480.83487539459855
0.0083556697232728,0.846407895824201,0.3941174923480265,0.8128828301124135,666,4186.487575616337
0.0181140020954054,0.8580432865974845,0.0548937455684639,1.2124384066244178,1534,5975.029577898188
0.0156610064390442,0.4484789013741234,0.0682486057106265,1.2680631677596472,1127,2058.0856842149988
0.0048582529612679,0.3860138880086213,0.2180944043883897,1.2980457475792009,1349,702.8128091098016
0.0144604868791333,0.817502136241006,0.0578416801314199,1.0952860326845744,1809,5802.14602632676
0.0085331302268576,0.8849436271543747,0.017448468881305,1.0529079378351336,833,5781.700332524685
0.0165737592672341,0.3312037356241519,0.0154260295325757,1.2137977108011624,1190,863.041546393095
0.0143218940687821,0.5774674780267132,0.0985470976458782,0.7822210804333861,597,3373.228517943855
0.0189356442081201,0.2140586242027455,0.2093376857053127,1.1021458503397423,872,283.47866299757777
0.0034716685706429,0.5328060735185778,0.1408000338484113,1.288112323988366,468,892.192423201096
0.0034615752639405,0.2094403743628948,0.0187853311355498,1.1336140129224137,1650,19.102822257584997
0.014242170473105,0.450486659578332,0.2056467172657133,1.2433258015654969,1514,2291.0308102164486
0.003919661260765,0.4891284723237654,0.0160420267737759,1.1195830966614522,471,643.5740392196001
0.0050051170210397,0.7798521117742137,0.0172418071279462,0.8912840897323793,1317,5105.754169040865
0.0141978688629092,0.2664476358495914,0.1551753640493042,0.9401019219176096,1739,492.50472147984016
0.0039578525221873,0.4356044710964827,0.0580069451391761,0.8167391591218391,428,188.568905860884
0.017356036433814,0.2323856652944559,0.0097018294747856,1.215850207813542,1744,412.43101691045
0.0076182921886522,0.8920326078634055,0.2259099844181052,0.752072008654128,560,4684.677491132661
0.0169076279801624,0.6705426404280141,0.5772898570204655,1.0585156531848052,1719,3981.1958086358936
0.0049842687484745,0.3213770178962346,0.0140442707225954,1.062796657589264,1367,119.347752041185
0.0099311133054195,0.5157892209589385,0.0134526834319587,1.148570167032538,664,2030.7857486466949
0.0055575364857541,0.3117674168674061,0.087957015250846,1.2303572106572238,490,138.58238630326
0.0033350993543404,0.8060274159089695,0.0124148518465421,1.0753352996317955,553,4339.025170326549
0.0158741808621078,0.3222297830041277,0.3018325978727895,0.9649976011446996,1712,1025.024688505068
0.0141314190588766,0.2836330138799826,0.0135824591685563,1.0180900239260482,641,343.53286637841495
0.0063184276508727,0.7319262096310868,0.0432928577563994,0.7757867376191868,1758,5105.7595852165105
0.0039902230668475,0.7505918520153398,0.2607761956176466,1.287522034242273,1525,3369.337769873996
0.0072226993010532,0.2604509064154623,0.0289068769319555,0.9240731708892628,1072,119.13043610362402
0.0134385840007081,0.7932911595791623,0.0925468908831064,0.8033393836773115,1094,4965.618430934206
0.0053680394886484,0.4213711393885047,0.2652812920510392,1.0575512969107614,1723,1058.8625552648984
0.0089893363897036,0.6795070733411003,0.2019536757985017,1.241730643181847,889,3700.509601165898
0.0123674800106585,0.2889289316303063,0.0660614402359855,0.8161726493671347,1319,460.774042686557
0.0185634292444343,0.5790738567675726,0.2127963693882677,0.9276951840281644,986,3614.9148031581626
0.0184627433049936,0.8635787201853551,0.1455361391904625,1.0834773129692037,396,5032.938144380831
0.0067566640345005,0.2753898723381369,0.0473218533022565,0.9574670890154192,1639,113.20412790108651
0.0134841094463657,0.2122660654035185,0.4740508860692168,1.2064803917717015,1270,179.2789592668109
0.0110329893142818,0.8595053959633803,0.0199543485273902,1.1058245957678314,1122,5987.846659857365
0.0153948079320255,0.8608101886028754,0.1928458468793418,0.957658779361048,1190,5299.785931412341
0.0184472475633715,0.5832849666456434,0.0133581420002047,1.251975942672991,950,4231.482050610515
0.0065799939990156,0.711295717638476,0.0494753729194592,0.9993332539582458,844,4126.205305817277
0.0111305805399914,0.7228525105716102,0.016004170287744,0.8870648687108953,537,4458.980550360355
0.0108044058463312,0.3995427448149121,0.084277001495502,1.040940686913698,1141,1033.543679285285
0.0065004860825149,0.3448198518903531,0.0860724177209399,1.0614280786839558,1171,311.8470793211125
0.0071898865961786,0.3355427504072142,0.1133307233200511,0.8762611285016507,821,341.1934619116825
0.0056817827198047,0.2862726752052218,0.0553373269409506,1.2824950535639648,825,93.1292149653655
0.0069965293990239,0.5497778830036804,0.0146334798797109,0.7987557870302794,773,3351.689944351315
0.0121947905879243,0.8816666711053276,0.2023029695586589,0.9838001420237272,1687,5412.7235673236555
0.0129259430557175,0.7087111554449985,0.0120876157987635,0.7729744010016514,466,4985.8975407627
0.0103557699942002,0.7174563622127532,0.0469723062587296,1.02117016423797,526,4129.96707465491
0.007715781827405,0.2349727901859465,0.5755014810141034,0.7298167795566829,373,103.22753136364511
0.0192164386218761,0.431269191386688,0.0105224910662898,0.8991022853209047,428,1815.9017083522
0.0134428293998658,0.6592767927602861,0.1321703983154799,0.8455113838811013,1146,4271.894648797009
0.0055974561210256,0.3954513228915198,0.1508774358698553,0.7102729881797337,1441,854.849550149655
0.0151566739281524,0.3967324596694918,0.0652714709883228,1.202947009798404,845,1696.6070156497497
0.018954871135278,0.4229775657515103,0.0117298216504682,0.7732220924571208,1329,2970.431308330615
0.0101370271305865,0.7190911756027989,0.0328263497814017,0.9319568849201008,1388,5035.111832249785
0.0080289808928841,0.6142738517229649,0.0176456502294164,1.1033918321286995,1673,4380.970971195575
0.0137318377786748,0.7355879686061231,0.2435797400600457,0.8091122491050551,408,4085.8094319601573
0.0165467726903248,0.8899400952934633,0.3602676723850786,0.8049779163867489,1645,5350.514844699695
0.0036502374397341,0.5449263254534015,0.0112521779042381,1.0061655098412174,1258,2224.6167483901
0.0045376619516892,0.5236621623287967,0.0213387456962932,1.1142225955048288,1585,2142.314967845935
0.0141281163977188,0.4028603372324277,0.3651056775134275,1.088535983133634,700,1369.1440583462913
0.009085523509047,0.2239027383027018,0.5046409593095513,0.9038431737940172,1747,172.05922907567108
0.0138983549285569,0.891305977522689,0.0724750697500826,0.8078632608130722,1280,5810.421466800859
0.0134481196969295,0.4947414773230689,0.1182664819705343,0.789480245025252,1448,2753.8299581870892
0.0034664588493211,0.6288290608172746,0.0825937919224474,1.0230085709322227,374,2503.2056033079107
0.0126023520125028,0.7894465756947731,0.0129068597615627,0.82679783432493,814,4845.7917812243995
0.0105128630561991,0.6505697121026048,0.2600545952983938,1.0806853588714471,798,3396.1310143051437
0.0041987580255073,0.2967735624142178,0.3023915423973994,1.0515480955492067,919,147.42648677598905
0.0151052684578111,0.8639698615679503,0.0156308160514347,0.7209614443318304,531,5912.753050757615
0.0096087893679367,0.5031769803133865,0.0210247246424901,1.1452605583749915,404,2422.7759245231305
0.0064588511856729,0.5937407465647206,0.0113108537016965,0.7161088220810968,1171,663.1796746135499
0.0118014602321289,0.7928198138279821,0.0417697696579171,1.0914338679031763,1014,5247.4115559690445
0.0159863903581473,0.5298764481067306,0.0472775224201712,1.1533972779108617,1237,3405.405216483487
0.005082495442266,0.558309845806785,0.0748562573819165,1.093794632343806,1469,2225.014533221075
0.0168726045551026,0.6394271513048706,0.0845578999745652,1.176725141064403,607,3986.8466904511533
0.0087418722960064,0.694225035628993,0.0256431998818255,0.8783649664828748,1481,4917.354661493559
0.0073612735464951,0.8225898049038967,0.0162393455555999,1.152365133411796,538,5294.876507558755
0.0049697017491805,0.8681194157164975,0.0115702458792263,1.0638318801642246,1722,2691.97410422075
0.0169178862726671,0.8730210951183415,0.00994268617837,1.179977925743627,469,226.0382977045
0.0058534474505918,0.8422375875759369,0.1084770393806575,0.9251525004554086,1222,4758.227265868991
0.0127222601628014,0.5488591547070312,0.3495446021007873,1.1601611250141353,1147,2798.7228141756864
0.0021885768312513,0.3337660409798724,0.2505690963401323,0.9011675090240858,822,44.91073504553455
0.0044882141349368,0.2528390274815846,0.0760897112400962,0.7145080891474725,388,63.4690413275005
0.0100399515929144,0.7794108459421987,0.1087781767814104,1.131683983459367,1258,4891.074749548029
0.0082733443487093,0.4828622780074325,0.0150396020329158,1.1579682484938905,1318,2433.764849283035
0.0074984821138936,0.2735714011118946,0.0176540731830265,0.7337471293805445,715,110.43083141808499
0.0140721704233672,0.2764514150178634,0.0103033441460669,1.119208622773349,1545,314.6576470668501
0.0138365464425309,0.5426200673509078,0.3823213735062014,1.172758000050709,1501,2898.777250435246
0.0045855825214012,0.4623734805056131,0.1623565864508439,1.0826161991293397,1088,976.353337923565
0.0078083596497508,0.3764471319243769,0.0236890857090021,1.0031701306197207,423,863.3333499040874
0.0103251683133357,0.5646899701073476,0.603922051503345,1.2428204000296383,1803,2655.6896614594198
0.0079971563274837,0.5278870483962155,0.0596034581432097,1.1304499161866022,632,2067.9141663728724
0.0078684638761767,0.8484559157866172,0.1572397403550292,1.0200709202971006,528,4544.244482950487
0.0162687055206661,0.3188827829134245,0.1420987766207316,0.7637066055264273,451,727.574847417462
0.0077808108337814,0.6101889611935943,0.0105937580087944,0.9940477232780872,1020,32.29415918375
0.0068787801972143,0.5627778285414609,0.0451606983862348,1.0583064687250625,1370,3023.574114751568
0.0181081651189597,0.7171945595682081,0.0200846061304782,0.8957596879461815,1547,5840.26278972082
0.0091918676001091,0.3061475166107508,0.3805390152199791,0.7902376904228641,1451,535.502989450033
0.0047487926908761,0.638229308100912,0.0854190483274174,1.014954911484064,520,2534.5633282911144
0.0143662041265078,0.6812513389920446,0.0725960949378289,1.246714796997825,1417,4657.792724882289
0.0084332686895431,0.5701189431237916,0.0933588783055015,0.9536601795109082,1187,3047.774370901318
0.0196271204517579,0.4699932939526618,0.0250933281177784,0.8198802609364904,1113,3249.085949718645
0.0026141529790764,0.6130377387525007,0.1340824725277752,0.7092725839579447,1184,2489.90774745093
0.0111808614109277,0.5659992291438215,0.3568685544441939,1.0324566114269926,1671,3067.992406466655
0.0176440379599967,0.3763034568818995,0.5232621333960822,1.2008471042765203,668,1155.8860698973588
0.0036025303313653,0.5454536051506989,0.0268580052895367,0.8979863618676821,1229,2220.573865208255
0.0068967020354783,0.8842233204581,0.0911960837137204,0.9874468135338038,1362,5539.649749027683
0.0036043011208904,0.3304621295867161,0.1574863117300856,1.2492195655497629,1673,208.85617036371713
0.0084228762969301,0.5587734371477501,0.0109229579376076,0.7625877526981037,1580,4035.4475652180504
0.010017899821312,0.3816246874159925,0.0096983253417804,0.7353878213692706,1283,338.85041297065004
0.0144708119137318,0.4519729733148265,0.0565650275345232,1.296740359624862,1417,2241.4804248364385
0.0196878414541098,0.6794453439261045,0.1449423176575548,0.7079492090160995,928,4366.029984650022
0.0181410425413407,0.6224571276444559,0.0504075022460139,1.2018829629407968,799,4212.37501284703
0.0130777552942312,0.7928708353143856,0.0247713691762422,1.2103233391400698,932,5187.279235023745
0.0129845028384259,0.2685058705375622,0.5326133626938871,1.1789171200737278,556,356.663178071757
0.0170140810683746,0.7440266891421503,0.5817403787339167,0.988813446103981,529,3939.6632261222794
0.0023327774381425,0.7903860799586262,0.025253834176439,0.8821522023222632,1500,4501.689351040065
0.0130304024403873,0.8460433698623324,0.0227709119657512,1.0854134963781947,1397,6131.46745405404
0.0102574691165084,0.8421173414477321,0.4900759420478741,1.2264105563639616,1606,4630.391631517023
0.0172882300110302,0.622190640773311,0.3559612611683379,0.8370280007065554,1018,3665.328619934622
0.0130945494859369,0.5342703138637992,0.4651405283106812,1.1119043964986075,1461,2687.725350939262
0.0122592389736463,0.4701508602919322,0.0992206230263663,0.864684795445903,563,1800.5729998130926
0.0025468528157617,0.7839801106897482,0.0156009955192111,1.197835150078409,1237,4326.797445118825
0.015225457052655,0.4054238987985278,0.0283664373459535,0.7685508680229539,1579,2088.3714303812903
0.0135826311409166,0.6179750413415448,0.6085835747014159,1.1421448428779066,663,2835.3864144806275
0.007855296250298,0.5845094407753704,0.1946768751340033,1.1743767909135308,1019,2948.8830161781857
0.0096040689510073,0.6767354104908916,0.0435803737524481,1.2139535663058072,638,3935.7958997136134
0.0035667243633276,0.4207444136334918,0.1735845696611068,1.226138416920309,1577,560.6777892786195
0.0171389750811807,0.6415729135368249,0.2139437050083256,1.085582754790216,1189,4100.743023780464
0.0101835588620618,0.7350019727949577,0.0938096509461498,1.1106871658263977,1171,4488.210675625269
0.005629482134208,0.8778410491358299,0.1952368847957988,1.2954824775700209,848,4434.375586623968
0.0174472173906497,0.7340784081081917,0.3857341898427948,0.9280964035725692,490,4170.552407643941
0.0197336848082461,0.8768932325180285,0.0807644384898326,1.2346273065940936,1556,5918.52962765558
0.0124294596848027,0.2396370290004134,0.0241185254218269,1.0036498106589318,1212,196.3947419161665
0.003390433951011,0.883538708552815,0.1086387081580547,0.7128139999356732,372,4277.3349033989225
0.0162485921664083,0.7396692970510266,0.0097612753604967,0.7263744199278526,497,7.5220149455000005
0.0110913968171977,0.610560709128119,0.0155352598270951,1.2611732477425863,1231,4290.097672732614
0.0175785182657075,0.4476170340748652,0.4743941816531853,0.9395084230811198,470,1749.9664214419781
0.0037465881701464,0.8739900221988486,0.0357283460762902,1.0989491656835224,1082,5180.799829255925
0.0067002589011516,0.5478684249187808,0.5578386666669942,1.269435386198603,735,1548.0604400230898
0.0073184798186057,0.5830572076990024,0.2430323207201151,1.0215573946891214,763,2442.603913238766
0.0119493740096148,0.4253845473725964,0.0100524619084172,1.1445183727983914,638,1185.9252918619002
0.0124992982399275,0.7657600145179873,0.0524776459039096,1.002286293729262,1474,5357.83355464577
0.0045658951643858,0.5708919829959049,0.1020689856397693,0.9764336409746768,1814,2906.172038141633
0.0189738807175127,0.8927219383544889,0.313921000147301,0.8797467306372024,1560,5450.01135962706
0.0147756177234333,0.8650375697210888,0.3365766433369209,0.7403113183269161,578,4711.400095677797
0.0043085988591664,0.5484755468687463,0.2065158268898344,0.8316004889215822,1060,1918.056475661197
0.0036632130537083,0.4082141120945751,0.1495378148045406,1.267967284091997,1608,754.725694031179
0.0073304782296123,0.3111956635665566,0.2327790019020526,1.0653459027852514,1211,305.29290416362653
0.0026153859264771,0.8287741549951761,0.1648920784207841,1.1140517553111438,993,3842.544007773808
0.0037362420898638,0.3946420809209309,0.0178450715056095,1.1866036199786645,1377,589.70149778954
0.0178481819979514,0.2737125515741099,0.0787496579935246,1.0121442514342496,1311,615.0565408477925
0.0101598562873779,0.5493267030761637,0.2200100507872732,1.1479721688288047,1350,2935.2583932502407
0.0076872461413535,0.3521008969789304,0.0133266900890502,1.0677447461268676,776,474.14412312138
0.0065497963027824,0.5593423868911218,0.5156763750046933,0.8987271447553182,727,1755.4932513920385
0.0181502751889726,0.5109084176730067,0.0584055804727879,0.807796019662056,1114,3238.2359739772514
0.01290557267409,0.2911891689485266,0.0226729372535155,0.9731164723378702,1677,475.913168100315
0.0176916345959694,0.2950714789485152,0.0685466334741738,1.1774436839702735,780,617.2035747583559
0.0072013249817549,0.6847294790658887,0.3466087879358706,1.1886491331808646,554,2938.003587540487
0.0093926785378399,0.3672928230680413,0.0245813665260802,1.029337386679083,375,726.743926347385
0.0115735384675964,0.8839813700935908,0.1013075987516354,1.1571607630543483,915,5190.903671783269
0.0168057336981497,0.7631259044203493,0.0344228667234864,0.7660908055400047,1280,5671.83709815805
0.0096636739304812,0.5740170211466358,0.3294884890879103,0.9313286431832666,699,2429.9365381832504
0.0127723674583441,0.414910205951082,0.021765507190693,0.9623491583035392,815,1348.2522521211997
0.0060638307223532,0.3109302871876224,0.1579670387770644,0.9101000161687012,1153,245.9837965852282
0.0035386530134406,0.8389564093933386,0.053135077924097,0.7482619143099064,1376,4940.118139806701
0.0163878387847291,0.5289349814046684,0.0499682908098819,0.9838746768006535,400,2990.8314023963453
0.0192970178133779,0.5629472552659651,0.0269527403573903,0.88013771212569,1188,4122.059186141839
0.0183319735858802,0.4579015822530268,0.0879407054658153,0.8049139826748563,608,2450.2509432117745
0.0070557619052315,0.5347025983886573,0.604731597967337,1.1556930172783513,975,1476.9335832163467
0.0146265654034496,0.5820554800362819,0.0107589589226954,1.163407566705654,1147,4162.66534124835
0.0157458693180182,0.2029055701739848,0.0146391339916798,1.2865550606968208,1483,197.54930123791002
0.0147267772783655,0.8727755471385146,0.2898160813369354,0.8498363635128989,833,4905.91803774318
0.0046703460992293,0.6065929980161541,0.0101935969924503,1.2363802972701252,1151,3.7116056434999996
0.0094352351891735,0.8665219895764611,0.2060458336164257,1.2076523002940085,1544,5106.634671394323
0.0127381464089216,0.5777167801372356,0.0250346792631395,0.9507056905735302,646,3708.46907562012
0.0187888440323337,0.7282520778259995,0.0722920226898569,0.8001449681681893,866,4893.669021381411
0.0092076619523069,0.4027636075985359,0.5744618611272476,1.0756994425628228,1067,878.691203143868
0.0172395709463939,0.2003706846982447,0.036515475486865,1.2898261344010966,780,156.5908969007145
0.00608603107717,0.6488987472848577,0.1566386672640838,0.7113124823116078,721,2902.288460852042
0.0180949395741181,0.2609135966923116,0.3648830062916012,0.9170909019791126,1796,635.181670441174
0.0120164692826647,0.5518091880526759,0.0121036907782807,0.7620982625591037,1105,3872.9895840167756
0.0165717509345271,0.3286640656962505,0.2593765023584813,0.887663782877192,1778,1204.9686195101235
0.0080052573758163,0.6258447173400787,0.5041214431180518,1.058788017254658,846,2591.4883119355436
0.0105608066833646,0.3243577185602995,0.0963638800604186,0.7220441606910675,429,534.281262098744
0.0020143346753108,0.2228467697081296,0.368947720817713,1.1409374434837922,1380,21.922106952240302
0.0067446592901856,0.5682902791967641,0.2514221865055901,1.1321192215717415,1591,2666.934143480309
0.0052874341053019,0.4107298699395256,0.1808399489842508,1.1773725420748,1178,685.6180158111839
0.0091537086390658,0.7457375816389069,0.0202099283893184,1.2673638972586914,1119,5108.952748217655
0.0091158569243046,0.2514232503112869,0.0997438073392026,0.7824306022345457,1688,213.99770394765298
0.0089760044476296,0.8020261320648592,0.0323148157807287,1.2381535869428033,606,5082.574798338201
0.0134959210754603,0.4044661143927548,0.0259936978581339,0.9038957962973992,1735,1757.16564295418
0.0081806720286798,0.4531406472505366,0.2466156271836953,0.9145017351504404,513,1250.910726519623
0.0177509831170468,0.8704775583328337,0.020090839303833,1.110721121977691,445,5713.118684301935
0.0125859390404129,0.6459448376511939,0.2049468295348138,0.7423332403296534,938,3873.811192554974
0.0062387887118225,0.3537444657749773,0.0150126931850182,0.8262916920213074,1179,512.377783451145
0.0180597000437257,0.5151644553754788,0.0565909838508825,0.8873787507509217,961,3290.0340075885574
0.0118314958691013,0.3613864523702071,0.0466470892793978,1.0245492905330504,548,557.6944436148909
0.0129750539307901,0.3308685405458979,0.0282343666961453,0.7734825135891945,561,659.221316243469
0.0174740485214534,0.4172907556821155,0.0401618863825753,0.934734568741244,447,1957.7700648967007
0.0097381811208781,0.6472567648217353,0.0112670729387926,1.1204172447354028,494,3799.91272458595
0.0189883710809405,0.8034687565719985,0.3502435730245708,0.7994280132041159,725,4643.546978078586
0.0021575116792196,0.8076053752951462,0.143150860846778,1.2835533259790513,934,3548.2521935718833
0.0156809568163628,0.828860724598953,0.0312430465741989,0.932144699620116,863,5512.33859485234
0.008999072998542,0.3131317210696337,0.1630845409632411,1.0816778581935944,1506,480.24106558754556
0.0051842125323328,0.5778554618294345,0.0509887032074145,1.1080165509748408,1455,2708.6264642834262
0.0092511404694458,0.4008573412713264,0.0552725037298268,0.7036723975902022,786,897.7018902278741
0.0173036907664622,0.2438369660960861,0.2507605252726309,0.9804735370127916,627,316.3805899145614
0.0124359397519986,0.6833054256830318,0.0513065921689277,0.9289297015173644,1579,4782.579588808498
0.019039591186475,0.5165390858460989,0.0818936505260346,1.1566562305001562,1467,3614.5437134300532
0.0153223981235218,0.4651200841459535,0.0100256458639196,1.282790384035983,1152,2772.53905331135
0.0173720323192168,0.7551487783896274,0.0895133800070867,0.840519289220473,1331,5258.870131528092
0.0036986623296315,0.4786527328614395,0.0115287139521457,0.8542275465700205,528,838.8011071872
0.0132986092687152,0.4465360118680396,0.1965369073076543,1.267905405170069,1114,1878.9308325190111
0.0173587569581436,0.6831133520833863,0.0873419921014511,0.8477288845655548,1597,5022.126129893466
0.010142040170689,0.7002659349887463,0.0895459586079334,1.112547907012504,1646,4809.805637998507
0.007929152134375,0.2661607094871905,0.0133104002271698,0.8540786457214373,421,130.45679603357001
0.0058048328463919,0.4060587677293987,0.1551595228219016,0.9629325423999991,1735,874.5670868249714
0.0022500364695089,0.7576234811789473,0.0265443271951355,0.8302504045206984,587,3378.4417683907004
0.0173749043220177,0.6417122219690167,0.0104274892709359,0.7338744986045328,505,5522.7715094092
0.0065838471887445,0.5354670089673337,0.0806344592803352,1.0934486498411018,1200,2225.2927569184544
0.010249976074503,0.7496371829082011,0.0296889462708893,0.7671436103035901,990,5010.09297335253
0.0142603070698883,0.8961786852396583,0.0789248442509669,1.0895468386452911,1068,5635.1442811199595
0.0141255003826425,0.2030689978194272,0.0579040410950072,0.7208511422464448,1430,146.688318540748
0.001988676571347,0.6618514189886561,0.0172744879068941,0.8659140077858034,648,2818.195040821595
0.0032508123906837,0.2391211295221213,0.2983629215375108,0.7080398517282056,1713,35.596426304316395
0.0121203695609766,0.375323596869757,0.0121756607154785,0.7291181221598314,885,1059.051485868925
0.0021546478720762,0.3008147521771628,0.2340086397747287,0.8750651997506191,1366,86.24120481202185
0.0131292138751601,0.8938187648660829,0.0503936684035268,1.0661723303317732,1477,6001.968778042165
0.0127290330717144,0.3105924889441205,0.4372394403697481,1.2645069624661305,1035,544.2553172042802
0.0085887206273395,0.3921008749571379,0.1303088993283244,0.9613525032167304,1533,1146.4416658325606
0.0090781781904965,0.3454137172813311,0.016118430638953,1.0150001480396522,494,426.96228745289
0.0161915734991359,0.7363573058403778,0.2445947608553663,1.280195942664151,1332,4724.136124297042
0.0058650881823653,0.5739096549550035,0.4494774236516609,0.994268478076529,1504,2264.3617631842726
0.0100829119159774,0.602472195606959,0.0619370642099487,0.8553209744108212,390,3158.088230715352
0.0033827922234913,0.3991590616134632,0.5049735295561212,1.093004592046415,863,308.5022600284408
0.0194890386595795,0.8892518763835651,0.0398120758516707,1.293813694636782,605,5653.819920542524
0.0102343429850016,0.6660986460748811,0.0181022254119699,1.0946538663600562,1116,4612.44793529477
0.0108571148306598,0.4242656153913181,0.0106984493754568,0.9583948093139356,1598,789.0272739274
0.0167393296524073,0.7331200939178653,0.0174886273728491,1.0815429854901466,950,5510.628767870875
0.0072962551907619,0.6129245198733283,0.0403093599625911,1.164414249282921,879,3596.427265344335
0.0142532716666686,0.8358892313496729,0.2163133447711986,1.1787947470039373,1587,5367.592244993492
0.017431222183008,0.5847203269312145,0.3572824510028787,0.7730527982928614,388,3056.459748104816
0.0112324942832217,0.5099862804170066,0.0248370151638803,1.266257524517422,1365,3300.43515566476
0.0190494320178893,0.5555109826732554,0.1995420809344741,1.2006591033009015,915,3418.493658922805
0.0137550954761568,0.8923518893444873,0.0423023284099257,1.1806550080995295,1471,6044.398570303626
0.0187553991744883,0.3441702620884004,0.4176876367074598,1.188638369553609,1230,1174.95130144029
0.0173178795374109,0.5188154097888107,0.0528107957332183,1.0307757261354484,1611,3736.1144771492964
0.0073530157906807,0.2471924090286941,0.013103102185469,0.8525312437028789,911,128.82375119723503
0.0070259321857596,0.2939073864307154,0.4991081651492123,0.7459112012420264,514,177.29235037970497
0.010614168777608,0.5315295717915806,0.1272681382542064,0.8489102840464283,458,2431.0474642649524
0.0095289521346632,0.8188872997051999,0.4108586375803861,1.2323610228040762,1646,4450.528577384737
0.0058345162251588,0.2288420273512503,0.0332314538008105,1.2917340585522323,1613,109.14409940396101
0.0022662008727872,0.7897874852289071,0.0884995338232374,0.9674871511856438,945,3711.8721542510057
0.0106771880023654,0.6542722176206588,0.0576306042406281,1.1921758164097886,1352,4109.309014273474
0.0124063557829589,0.886490203899488,0.093260232176401,0.9212578938857442,521,5147.836620267215
0.0188207914487408,0.2287443272006881,0.3273870391447893,0.7810729508880853,882,354.8920861480693
0.0077475503291714,0.3815015864704256,0.0095431067160275,1.2068915880918434,939,22.547797745300002
0.0037791906855492,0.7184084627939467,0.3993233301602819,0.7405022043395233,682,2737.086129396992
0.0095498610627171,0.4770815570293326,0.0097879525058918,0.7200070590580517,1412,2439.4175455338
0.0145254384919949,0.8225710957743049,0.0910935273138797,1.239245964713024,1660,5623.0409702062625
0.0099158559507587,0.321574502503132,0.0927894137892236,1.118410265503669,390,409.03633428326805
0.0061154595817786,0.8379759248666698,0.1254842412198794,0.9580923754151638,1632,5098.515722743721
0.0161389545091283,0.6945386936210076,0.1868281618090426,1.1249117868600371,1355,4586.867872826563
0.0141625442834235,0.5700709772897956,0.0210933967539337,1.1481463589100538,1376,4006.8052735689
0.0102900700183561,0.2777128660633987,0.0410379778633678,0.8685137475130198,1381,378.5475594296661
0.0128952088117663,0.3837313315594759,0.0219608755115671,0.7669443508457382,1486,1452.898146615085
0.0132002630358363,0.7852974868121569,0.0157041415449048,0.7069380621471919,1625,5935.620488503555
0.0079760891581066,0.6700215318219921,0.0379782407969786,0.7596454050607165,1299,4336.55384475373
0.0108542669754124,0.3759068473882329,0.301609795352545,0.8025713155945822,1516,1177.0349889371962
0.0154432303662849,0.4055835946560885,0.0268016911006604,0.8427790291761588,669,1639.192996706665
0.0162787553518198,0.2877288221406684,0.0219746212910858,1.1092406454235562,1643,705.8263318109399
0.0115793333793356,0.3627208658163491,0.0113277383983499,1.288341321491242,1657,884.0728356608951
0.0079864075947328,0.6940444282748375,0.0494491595204796,0.758410365663217,1065,4290.319256549428
0.0066943200435619,0.6448511480952903,0.0176044183885461,1.2486851728694606,419,3606.595238806675
0.0165428432546602,0.4914608282522427,0.0201191728411743,1.0014001609322347,859,3108.23158289967
0.004426478687455,0.5055901540533176,0.1051634419121764,1.0419068863118874,1145,1401.3073771498696
0.0147449304263304,0.6399774630513353,0.1976712115535121,0.9763490902145242,1791,4408.216149562174
0.012598882088485,0.7034302404514148,0.0320327958195007,1.006990815824686,509,4339.854647098795
0.0157766137107104,0.7804997315598377,0.0329099026533371,1.0635114673476649,1770,5923.62069262307
0.016682221669342,0.5854842878484654,0.1461160760365866,1.2391733606692568,674,3350.889045974192
0.0194933105162644,0.5661375237865938,0.0196252298309343,0.8901061336278981,701,4228.20316055208
0.0102113318231905,0.633215074257363,0.59022923438757,1.1528902325812225,1525,3210.7020083810626
0.0103946743309898,0.2108901253395984,0.0274379822642689,0.8969587412189527,1275,125.02079031333452
0.002691915371975,0.8438529712361036,0.0849885238506634,1.2308122637858214,1671,5276.773438044351
0.0178958805523629,0.6532185227698473,0.0175631077851724,1.1115225472967718,1182,4982.065328540435
0.0118398215528569,0.3152423406269676,0.0205332096685927,1.0335890795263465,1048,506.03678220168
0.0101753149330626,0.3703276273806309,0.0170588790988317,1.2802696579331112,1305,771.0261543246199
0.0108140303816971,0.2573488682182954,0.0257274188909878,0.7159749494810473,495,134.795353395677
0.0124463309496284,0.3869085081333767,0.0764462067124105,1.1360210394818722,896,1205.9877075230957
0.0147821158738772,0.7965483866415553,0.4346107232045529,0.9462492229768034,534,4145.636297915436
0.0069360089245228,0.3093917595522011,0.0188446990605203,0.8417504132472842,1486,540.441628585985
0.0171094985138724,0.4283266540456675,0.4104737060842506,0.7225909563315089,1537,2159.719370002293
0.01703247234881,0.2027521117849269,0.2677833334301882,0.994619593041402,1511,329.00899322527476
0.009641806616382,0.2115999629672721,0.0498700586017489,1.1483362677894156,417,79.54609304381499
0.0074325408331602,0.6164286518608915,0.0299612000183817,0.7127351995339418,1403,3655.1897297929154
0.0127744409859748,0.6393716021292736,0.4152828107988865,1.1420560453620243,1671,3712.8662523184034
0.006973066798182,0.8712990956994291,0.3206602942271704,0.8851482851249182,1152,4530.983356893064
0.0099098505151658,0.8224361401430444,0.1197893575178842,1.0640050603243687,1532,5280.942768119231
0.0054612670621612,0.6995369804157969,0.0141027063807999,0.8332884484886364,629,3242.8486589725953
0.0124260212327074,0.6773135726504091,0.0312140168490183,1.1358167224829554,1015,4665.117600329546
0.0128403369328096,0.2534647686937553,0.0125447842256312,0.9812976099600184,1170,306.19493147268
0.0021283823564595,0.5179766189687114,0.0684071927888582,0.8711146379528414,1335,1496.3314964994834
0.0135367327173387,0.4168272266302784,0.0160609670938264,0.8626851798644044,640,1584.884406497205
0.0139616698376745,0.6844717459428089,0.0951374293881679,0.8681544176793647,1563,4775.611571351881
0.0180834116489083,0.7866291038147615,0.1727219965176437,1.0891803075405655,1259,5209.120525907507
0.0028523851900631,0.2662511924802391,0.1624952944555315,0.9114569081293732,1473,50.685436696921506
0.0126693119256624,0.5422619515837177,0.2344599131590551,1.2185082452907778,1752,3173.7218009010408
0.0110096015975507,0.3191550400297815,0.0271862739261174,1.05188272234015,1683,555.9404237322581
0.0188578436484032,0.6454585710722947,0.0701447791758196,1.256211337037486,1190,4476.600973755888
0.0141657089151809,0.5534562513585969,0.0109176250558197,0.8433197200570073,1230,4041.03768186615
0.0072189884585884,0.2985910204769784,0.0129173303210758,1.1143584457887572,1769,325.09984234075006
0.0098178151443723,0.3044897306590537,0.0513627966248922,0.7210071564956888,1607,387.646695783315
0.0195028777748826,0.770268104830728,0.583491775189603,1.1896749391753256,892,4271.151366830477
0.0152618160492959,0.5512646914782311,0.3802098271506673,1.229667043180585,895,2876.431736746765
0.0088512462170096,0.2479672354601423,0.0140239949454081,0.866568859530281,788,165.993982581145
0.0087141238085554,0.3634633106713187,0.0279859964286921,0.7009622195843433,712,644.820171351882
0.0138670295735024,0.802883517487037,0.1011280994152055,0.988272198615018,529,4796.976541654259
0.0107444816568658,0.8351582162321738,0.0126950662996729,1.0527667466154358,1543,6190.20463455535
0.0190234696150803,0.5273540648851027,0.1275282452519052,0.9894877075553916,1125,3376.392236376514
0.0063364660162175,0.6008080153826212,0.0441369156767845,0.966025086159994,1012,3186.9943606198144
0.008075945142825,0.2065726531721525,0.3543415736842793,0.7380555188571977,1264,91.99423503282266
0.0119194618034074,0.6941570527244549,0.0097999639106919,1.186800238569269,1073,24.8479537878
0.01614346638234,0.8038762442349252,0.3100328000367843,0.7266911928750509,597,4536.482608309123
0.0170890719565658,0.8632311869851772,0.0559345967475471,0.7101984804377393,1321,5883.25438331861
0.0056952141757055,0.357515476289476,0.0124636813697014,1.03810403468157,1124,345.604293363825
0.0097960796453515,0.6402603214865242,0.5190022897874774,0.9306307420434906,802,2921.8470353450302
0.0115273627994793,0.4740227799793065,0.3147179211353174,1.1653113052983275,603,1699.3434958595858
0.0099439057413166,0.3923780165417093,0.1112250139137593,1.123273368880974,458,782.477264145316
0.0066504575584923,0.6864227206119693,0.1576750432671867,0.8472498531717574,1694,4118.2930496827985
0.0094994362382663,0.3031506682286735,0.1522151009966097,1.0497303105211893,587,338.66505553374805
0.0070511729015613,0.6791246152830017,0.0095343911131057,1.1684313738739964,897,0.253852258
0.0086350743461127,0.4539161643969451,0.0830795968962813,0.9737668336558728,491,1252.9741338451288
0.0097732189098673,0.6870345424360278,0.017784822889425,0.9882140587096504,1602,5121.0497655164
0.0022600970273658,0.2215745716134585,0.1771077595421018,0.8840802331297613,1355,23.045453904008
0.0068783147674653,0.4400549403760011,0.0124441062179983,1.227630447107402,954,944.4522937343698
0.00672542005845,0.2043195544059023,0.0553146792509959,1.200902595502824,1062,45.373194107885
0.0147973088784623,0.3238430055069399,0.4504748086951667,0.9291454184666998,835,810.9987925704887
0.003371748103345,0.2983374712522615,0.0667195352532215,1.182974729071108,972,54.4446796350995
0.0055461966483778,0.2625834777792507,0.0152485611020109,1.2562779791477283,543,100.32215845910999
0.0028405565023235,0.3041727093618906,0.0353536649074839,1.2306097008672814,1466,67.341021016617
0.0061855067483392,0.6039245276070098,0.5437078756511646,0.8602154973982147,554,2198.1194682690584
0.0097709368306171,0.204562959077394,0.1697563312849718,1.0379353379939196,447,68.19122393937255
0.0164257131887784,0.4271402067662664,0.0098738408675427,1.1974667793677205,851,2172.9371759274
0.0042220032587094,0.3271334445239454,0.4606913953364809,1.2738020093905882,1698,180.94349564386138
0.0126393232716064,0.5384992647826929,0.2166548004405902,0.7693460859529808,1676,3194.240429269817
0.0185625054786607,0.7906615532748762,0.3560857294089827,1.1641344916947398,945,4658.043453123444
0.0143823284841419,0.3574989036422039,0.4239810488313529,1.0669306560018488,1782,1199.0095519282586
0.0069100639390995,0.582640103579642,0.0189588658702818,0.7414082240678792,1092,3408.6165937995365
0.0061360738365157,0.6662425259672127,0.4825301325854025,1.1964849261543098,575,2470.4644980518365
0.0142352540915556,0.2284207225996784,0.1879935577285054,1.2274052737799308,456,199.54461960730006
0.0097112556878286,0.5622208255711031,0.0263286243052149,0.8530046051082997,871,3140.0179645590147
0.0156549472710058,0.813952471785452,0.2578011198024718,0.8452552880540934,1576,5210.538852226799
0.0060125417607363,0.2532511051696672,0.04802670778103,0.9700815476975648,1339,102.06391346682749
0.0032026853980362,0.8167565309809686,0.084249112716448,0.7803845739523889,1638,4897.533695909199
0.0156260512037817,0.6802623916819329,0.3085860398078243,0.8682239953004542,374,3710.1849266690665
0.0178571237480178,0.2603579559022512,0.5480732528664327,1.0111934837000174,730,433.3358355335185
0.0080805242918509,0.6225466238520344,0.5609312422174462,0.8874457173158207,1665,2871.314159944842
0.0095046161925401,0.3154081574611905,0.0683407461880773,0.8497675344423398,1273,592.158718014172
0.0155447304835046,0.7520817747200443,0.2733246249160629,0.7118883698199001,598,4496.950057812268
0.0139923968213177,0.520748955234617,0.0114960663861125,0.9561895100468508,1436,3892.3685672230895
0.0081868118857473,0.6638237528942894,0.1416116411459158,1.0575005647576017,925,3577.364093613814
0.0039481807044133,0.5803448391670257,0.1647199791546868,0.8721802486546317,1225,2091.223479109721
0.0105513217922816,0.5075152471500854,0.0120652515553984,1.0949902594557892,1310,3113.895690667485
0.0091254991329841,0.2870759344206263,0.1132805756289757,1.2112867597129275,1777,356.51650030656
0.0062263583540247,0.2306778575267724,0.0336288053898725,1.198029571934069,1798,62.047298165371004
0.0046924740932189,0.7746479663344152,0.2358236394587062,1.2056651860261571,1746,4021.5715307937317
0.0082695117136436,0.2129889519854321,0.0310556844758767,0.8744156383288926,1552,83.24369486476601
0.0163754537128324,0.7910579016290094,0.1292920295433082,1.0133015774168883,751,4833.540296808247
0.0172930998413377,0.6715739408864201,0.0112678070658216,1.1737283832987773,1429,5064.8751952629
0.011339926969064,0.5867521954666439,0.0437518259661981,1.1739884429155822,1473,3939.981539430597
0.0120708203482723,0.3391078734265089,0.2646710951552146,1.1636082694562675,1682,969.4497694145389
0.0047194147649066,0.4034421629216195,0.0176841959211074,1.076189727612188,1801,1048.7509575192
0.010496617642606,0.4460271220308621,0.0268690447498524,0.8775705299073994,1732,2190.73738772975
0.0175966572776877,0.5338203549735773,0.1399386473747708,0.8835525758545818,679,3067.8436263888743
0.0042238405330377,0.2697333075226336,0.0140001478226284,0.837198630573339,536,162.30785403456002
0.0151813324389978,0.8732752917236524,0.0806133000939575,1.0607747919217363,448,5208.9074824834315
0.0177435051785076,0.5027317476431727,0.3962920287241553,1.295220942041062,1774,2697.8028801803434
0.0132393115383725,0.4583154678136014,0.0335662441259207,1.118743322620349,625,2049.298427291261
0.0031415655800922,0.2064070758279278,0.4441487529150908,0.7622454453611902,766,33.463072439365
0.0092406772640479,0.794643962190497,0.1156565819319844,0.7130941967308306,1782,5201.157610282928
0.0068086681243727,0.6731682884912207,0.0529381331218331,1.171170938744153,994,3904.6266612020636
0.0133483885573136,0.7453897492438273,0.1076508099985883,1.2953496034255902,1823,5293.007487894018
0.0184834272917869,0.6443588467468035,0.1403798477931599,0.7747779897751559,1161,4424.256898410374
0.0166611748829661,0.2488353468413422,0.2811983123675453,0.7283350777482034,1540,479.9950062679235
0.0041016242396075,0.2105154564447291,0.2117507110272811,1.1088166713085972,809,25.858538244841903
0.0104525127865422,0.6125114888277058,0.5815277514751588,1.141600252701311,973,2702.2512823440566
0.0030767031106263,0.5856606688813966,0.012275387096979,1.1858186897502994,750,2093.53687296533
0.0090407828715375,0.4925295685266182,0.2152939230414415,1.2773116145675711,1663,2214.236934339377
0.0170065706240221,0.2068299399603606,0.5111370238828135,1.0720614154510384,606,187.489614030174
0.0131261011166229,0.5416336327633985,0.1441372625642531,0.983278127590662,1178,2913.6665125214795
0.0129680520814312,0.3606768272499219,0.086572501296565,0.7173151754370004,763,1064.47809238625
0.0129856854002136,0.7152868012215632,0.0987044749373342,1.288475609293421,675,4301.640617264589
0.01124092393056,0.7108768231739642,0.1005379999408262,0.8151941952173963,493,4058.2779471659333
0.0050569800950516,0.3257668557371728,0.3010983305757965,1.2636039025641357,689,207.04785578004902
0.0043077227255328,0.7121095396670114,0.0368304494762066,0.8006762888468961,1347,4213.235039895134
0.0020228343716163,0.5245470631793188,0.0920766206524095,1.1832985705544483,1270,636.997935611861
0.0189731776875558,0.3218306866957525,0.1197110300152781,1.0174110526216746,1512,1169.5867940348667
0.0056038014083815,0.2921738456947578,0.3391297641552643,1.1913230838715354,1225,139.88410830315235
0.005402864348854,0.7205272921989636,0.1697961538510398,0.9746686007726078,1785,4231.4460985218675
0.0078662308937187,0.4944965081135643,0.4112388547622227,0.8285710436290601,1205,1727.422964413161
0.0161361364110797,0.4233485554542375,0.0239075461268651,0.8249266064812398,1138,2131.1728015706203
0.0029403978626451,0.8486275471841653,0.0795328712289139,1.0556577350308274,624,3986.67893446309
0.0123072962632517,0.2741678120326603,0.2672531594945035,0.9577805852019832,1609,525.196736653132
0.0055251175607217,0.5969309339959676,0.244659814226465,1.0530700483296969,613,2213.075087602115
0.0138184022129281,0.834109928694571,0.0139449889743882,0.950866307022381,1340,6043.279625186915
0.0034125427588545,0.7468089934037898,0.0235568771146748,1.0588479688741923,919,4067.5172599878906
0.0020274040398032,0.3149650845731985,0.2553951041750338,1.2746424044991695,766,58.6887943643655
0.0143272726614745,0.7338571125253468,0.600932084730007,1.057843606008301,450,3625.0185864944883
0.0128750150046183,0.2156273018005654,0.4035408179593277,1.08644407396995,1124,222.60867975233873
0.0170528095341131,0.7376421623854934,0.0420620665759078,0.7750202164077752,570,4932.73954759492
0.0146509447051618,0.5280124290861445,0.4335927179727989,0.9503833719116896,1081,2718.340365330799
0.0149808178776331,0.6452840141019878,0.4394548934814496,1.1904752941853651,1051,3503.2341042063467
0.0075589857538169,0.6526533450806895,0.4949781834186303,1.2152423639377938,798,2988.2992710361746
0.0068700408798865,0.7189992414521418,0.023711755349234,1.2525265492893336,1247,4806.955242905205
0.0082286663653287,0.6310615223333311,0.0896272447244394,1.2360354135983995,1327,3532.8125619747084
0.0101560725129087,0.7684296121288068,0.1122119638374078,1.286287524501446,539,4330.998239874298
0.0117969339017218,0.7645946023010997,0.0244452281584347,0.9351137311415044,1214,5350.085168066131
0.0021481461497224,0.5060554506500619,0.0153451704205272,0.8474241829443796,1436,1678.6658725168452
0.004058589698366,0.8040681331350492,0.0116329149423488,1.2796433382932442,943,3.6498723922
0.0189860767512466,0.3590776609964281,0.3789761461232329,1.0405225461484695,1293,1412.2032092429695
0.0051249871634114,0.3975191999856943,0.1410272053234201,0.9015169635775604,1402,808.3820580983495
0.0186295287335001,0.4693153602385853,0.1403015501079313,1.2678981437287955,1196,2700.4357265442695
0.0024065331941554,0.3661659647185225,0.473144271084957,1.1431035337362745,1161,105.2391119041991
0.0152633316809255,0.479318020430145,0.101481984440915,1.0949356068176277,741,2387.4146480873
0.0069060551838049,0.6727035582054448,0.2905771532863676,1.2147838642827045,905,3079.660477539677
0.0042350813142132,0.4012140450831186,0.046175066169808,0.7309322305254178,1635,439.370542248255
0.0085432733807926,0.7657013366908616,0.5807168331425941,1.252833123746128,563,3386.427592736135
0.002638890909405,0.6811560956515068,0.022048611224166,1.032095295469609,1257,3950.9724055215747
0.0185736327292257,0.2165763135591759,0.0619846944556803,0.7285941411193366,570,309.3081451471445
0.0126618965410072,0.618200174999296,0.1832430781368059,0.761412581032846,1160,3693.0271574615526
0.0180182617784812,0.5608687809348649,0.2536443543014673,1.0559591017266543,933,3221.5967539426174
0.0033704491057365,0.763408848456782,0.2370005158975494,0.8551498459970455,1729,3566.638887554638
0.0125535901511421,0.310999270335017,0.0568339464969067,1.0769990443292023,696,459.05613321736803
0.0175400822664625,0.8561566634991549,0.2154922020530496,1.2141841928003938,1146,5258.14652553334
0.0147956670038733,0.5850490250510829,0.1006094401709276,1.2647022625739734,1291,3695.6591376015876
0.0160489964085638,0.6962743486732772,0.0388709434027556,1.1577014716837823,1661,5378.096892480135
0.0169699730574731,0.7403482727221073,0.0671420978475721,1.008449062048138,1127,5126.92428776419
0.0083537015417004,0.7887253992647552,0.1022202872811038,1.0386059425976222,830,4460.752268974335
0.0087847474141084,0.6236441440012088,0.0939004023774254,1.0961394394467816,1393,3804.312710734921
0.0157954823086767,0.7566617993354017,0.4055017107531727,1.2878825086853074,1056,4195.458603676821
0.0146128485235418,0.8233193409299024,0.0471647126274714,1.0105842419872768,1641,5888.719243027914
0.0110980599092989,0.3107589256709379,0.1183666017576004,0.8730726748045184,1578,638.7923609623974
0.009227460633964,0.2004788574619456,0.0153285081848298,0.8798170729932829,588,47.36361579226
0.0089625742576373,0.6913995485756452,0.0975361389839357,1.0012594196827829,1799,4558.193599416338
0.008844795737105,0.6034002538781286,0.0913217630330011,1.226917422587128,552,2898.4099000556525
0.0039297455066694,0.8752735315710551,0.197267230712164,1.1902150381923184,1190,4490.225420937323
0.0178112281072665,0.7451880542566016,0.0550855704533273,1.0840282149834504,1775,5638.594279645052
0.0040981025694938,0.4780964269886857,0.1534974464717739,0.9775069148763892,957,1045.4483661814531
0.0057310950683025,0.8627199242748631,0.0336180593263916,0.8105353635485892,1520,5697.6488375280205
0.0153920311174787,0.3270712626646234,0.1577716767419403,0.7021072842738012,1602,1167.5318894303582
0.017680271783196,0.4961957005784537,0.0476949009813006,0.9609378814761363,833,2783.9497340661565
0.0100216690208305,0.2352485648255807,0.0204761571390238,1.192289586644461,801,107.16643990047999
0.0152706426962341,0.6027274150454818,0.0713512311138011,0.8344059700361747,1490,4226.900088395467
0.0134680413930139,0.5749512776123402,0.1608892778471247,1.124234441431075,694,3057.9637161624214
0.0057156940868383,0.3621894523056974,0.1245156959782075,0.735813094981942,1568,504.343591791482
0.0085499248874805,0.523826816343971,0.1646688858504428,1.2056990285023983,1345,2547.9516060340147
0.0187599794986054,0.2102259328953207,0.2229484015725755,0.9013073829050324,575,217.31271671101408
0.0070162039667112,0.8324881351588442,0.0221555614867574,1.217332982764188,374,4835.18756429665
0.0174352801015318,0.8032662517160942,0.1477727642471178,0.8346364375807338,890,5054.896564394203
0.0083704826974223,0.4576105132729647,0.1618016942333967,0.8429129731437504,543,1347.9259711319144
0.0050425463842153,0.5445754732476532,0.496944801846797,1.194572969787513,1299,1566.4266829297508
0.0082416167368962,0.2819952754520284,0.0308116337025521,1.081470008292542,803,167.229697659771
0.0081840260337164,0.3840837406809332,0.1650407432140661,0.9494446827892504,843,748.9872445286225
0.0075922623189916,0.7505462918446324,0.0183976449503628,1.2624420383801618,1329,5232.964390067925
0.0196233475989473,0.3241336148350379,0.0095265804021177,1.2344310268435714,1518,966.2513404231499
0.01868492825426,0.5355159341415016,0.4703939692451061,0.8507122541656665,1124,2917.1197425661135
0.0046272480526993,0.200756665600071,0.0762667507369873,1.061488887681299,922,29.708480606954502
0.0046333804186996,0.6090449746682163,0.330378142411336,1.0851586604322163,864,2310.9619918294648
0.0052521569503874,0.5729263403496827,0.0602214363790575,0.749546088007173,535,2407.5680092511043
0.0155596637813655,0.3925012694045421,0.2584903653463052,1.122978856320973,688,1318.9546726736653
0.0061753184956477,0.8662519278277916,0.054322158550529,1.2324472510447042,679,4803.327370835077
0.005376992646017,0.8836694168606363,0.1563389854521661,0.7692705070698699,1619,4985.185043026489
0.0061027958612156,0.5720376155460629,0.0290896171322493,0.8189652192127925,748,2930.962510044406
0.0128236485694401,0.2827850287205147,0.062149330413409,0.8614255934442614,612,367.5483196991605
0.0133679108812409,0.6003893631889949,0.0519050500229767,0.9231353793532204,634,3661.8560223459826
0.0195014733762083,0.4778826186200005,0.0124935469968538,0.8689923787564567,1821,4013.15782003799
0.009680361948028,0.6186157163163413,0.1850904145082067,1.0757827054974438,1565,3640.306549175569
0.0116022138507116,0.7522548154029236,0.0180201743113752,1.294342576177576,878,4923.533440622059
0.0032927255576691,0.7148199818763425,0.0521533584401211,1.1608164886967598,576,3481.3462598113
0.0193860695770945,0.4561027576200674,0.0450894198929243,0.9341419374765536,1635,3128.002725422829
0.0022429124046707,0.8292433884743606,0.4152022316206897,1.2699664068773096,1749,3464.5269758280083
0.0129423073316513,0.7056505925447698,0.0482205416505463,0.7708056068075303,460,4290.2476344899405
0.012973030801512,0.2034312964052106,0.4412834122471928,1.0926121960052182,1797,215.6814203914709
0.0182021706131271,0.636395060179335,0.0180725678875533,1.1342603077698028,502,4598.87867662966
0.0102217615366174,0.3004279306712938,0.5657037038477686,1.254384395018311,395,301.1655100027819
0.0135023587732313,0.3240578727924896,0.0592629497061874,0.7508153905172555,966,689.8913651447905
0.004335828994497,0.490697286196449,0.0560566509513071,0.8656416127559903,577,1054.287003732198
0.0067519404724965,0.4939219107351449,0.0469382076860583,1.0462276392140215,907,1772.1294153087651
0.0195721899230054,0.7862826500266342,0.0769981425164381,1.2146801539807897,1488,5636.624212000006
0.0055021945043634,0.285436511378231,0.2594709763713523,1.2559715669865674,472,122.4316421672691
0.012878098366865,0.6428043941823633,0.2096897607815033,1.1863363502528206,1207,3803.6944476626995
0.0076622358226271,0.5409929627366467,0.1607024697629743,1.1673393408403252,1137,2296.8643478008794
0.0093146981642238,0.3702472369607821,0.0389031943344261,0.9532889374498508,1271,960.7344813836065
0.0109481595625884,0.7188325207250545,0.0098169955068912,0.844782800765722,385,1.2265154705499999
0.0088568015507159,0.6986474019931492,0.0735965860132474,0.9702190542931856,929,4040.873600736306
0.0082364627705621,0.2942787102467875,0.0123721997842522,1.2494725401507172,761,265.46417117348
0.0157243668532312,0.3993009536839991,0.0116028556513132,1.0474313909044803,1513,2193.8241557953
0.0074254942332658,0.382922163360051,0.0545335654782591,1.1797577940873225,882,637.604662567565
0.0086086126597985,0.8873546264085876,0.0560881980807048,1.0138385823957825,977,5596.36202273458
0.0115876359427891,0.5085789431221681,0.0223135460518206,1.2768825812498217,555,2807.1809537687805
0.0023666145976858,0.3508869788934013,0.1214620596082367,0.7922469590377457,886,104.7439398317675
0.0039684721418109,0.5471257027629992,0.4298693049476735,0.9820458763431724,770,1340.437954706299
0.0172519970833024,0.4693607701184363,0.5603434364738987,1.2939015932623477,1809,2448.926794905622
0.0133056188309322,0.8786173617648638,0.0190412120370902,1.234046312008498,740,5897.428427370405
0.0132148535623102,0.8322261177863437,0.1400755927969187,1.251326044695246,380,4667.142891627571
0.0107043816608231,0.3529437105168014,0.013091101756289,1.0839421310230324,1447,961.0162615515251
0.0038430472654385,0.8613894249255309,0.0196402798500581,1.1883886644282338,1003,4773.01884225391
0.0078634237895444,0.6131784722614982,0.0535037828608852,1.2478598876637048,1779,3927.194281814639
0.0077210715077681,0.4790189724320946,0.0141125747029803,1.0403767335368157,945,2204.42388038793
0.0110642307115037,0.4775816086290172,0.5306319852756908,1.1708885717384478,1248,1775.7603231411654
0.0088523472289133,0.4238532974525864,0.0212851364954208,1.2349932639943564,1344,1948.7791516990999
0.0112879756944818,0.6361367737296978,0.0931501340467203,1.0418021690413828,1185,3733.411102853766
0.0142084891147481,0.7616487114705017,0.0634510255591425,0.944939248771432,1117,5040.406202491309
0.0172995056131241,0.392863164600792,0.1755462463622241,1.1661493981783562,978,1570.5726693748675
0.0022288648021582,0.2971661447191727,0.0304401866955329,1.2456178041287882,978,26.62508595245
0.0156078881833908,0.2822595683947514,0.0397656795625161,0.9157165674012666,1387,504.433883989452
0.0067966802265471,0.3740849948795266,0.0348071667922336,1.2300736623274664,961,474.5558057794285
0.0131683618152171,0.2457793439799067,0.1795752540226432,1.0497834381646007,1509,313.0257877174035
0.0150450559636956,0.8005228232930035,0.1156050765411764,0.7400002201887211,624,4886.111560105022
0.0180648390378298,0.6137157906929983,0.0657383749455463,0.9137106205004596,1809,4704.393540679875
0.0179063905290185,0.6522603526271327,0.1750856007327254,0.8277603961821379,756,4035.288773129706
0.0104696950520176,0.6377803863310346,0.1093667368501201,0.810376697330295,798,3647.17521091258
0.0035653875437166,0.3327456868899358,0.0163529964113141,1.1042229868321871,1399,242.31739188067
0.0099037849358183,0.3821788229468569,0.1610688558365535,1.012988069789357,459,710.8274233342854
0.010190666205755,0.437539648716541,0.332012075930047,1.14390664143916,1573,1750.2598450730977
0.0065525702253375,0.3318696988182555,0.0238337743115744,1.0318708269808174,1289,367.81422265305497
0.0022978041009569,0.5278717704227154,0.1962920589429429,0.7137787842208352,868,1150.7256823404944
0.0095822684693363,0.7516713201113046,0.1528512794651214,1.1473909208874242,635,4111.4136439903405
0.0116810619771622,0.7677277143601404,0.1161120979388619,0.8735709596004889,1783,5267.523445462097
0.0168433509607937,0.4617263529580019,0.0239841675098783,0.9980595237761952,1485,3141.4491607745654
0.0076326685372505,0.6852225028234473,0.0439384678323537,0.7990537906189978,676,4032.6546468506895
0.0072092757501399,0.3618909382309966,0.0175394122499444,0.7032511228013109,1213,658.847777406655
0.0157603175900557,0.6458673918385656,0.0108447800796761,1.217514572151571,1521,4662.89727950495
0.0079177784773223,0.598987574632729,0.4918906723432554,0.7906501944282942,1104,2443.1194903923642
0.0129003286356755,0.8254455907430922,0.0216988755427498,0.7860074172998093,569,5349.52126420934
